seller_id,uf,tot_orders,tot_items,tot_items_dist,receita,recencia,churn
0015a82c2db000af6aaaf3ae2ecb0532,SP,3,3,1,2685.0,74,1
001cca7ae9ae17fb1caed9dfb1094831,ES,171,207,9,21275.230000000007,2,0
002100f778ceb8431b7a1020ff7ab48f,SP,38,42,15,781.7999999999994,2,0
003554e2dce176b5555353e4f3555ac8,GO,1,1,1,120.0,16,1
004c9cd9d87a3c30c522c48c4fc07416,SP,130,141,75,16228.879999999977,8,0
00ab3eff1b5192e5f1a63bcecfee11c8,SP,1,1,1,98.0,288,1
00ee68308b45bc5e2660cd833c3f81cc,SP,40,49,12,4641.0,2,0
010543a62bd80aa422851e79a3bc7540,SP,2,2,1,1416.0,151,1
013900e863eace745d3ec7614cab5b1a,PR,10,13,10,768.6999999999999,9,0
014c0679dd340a0e338872e7ec85666a,MG,7,7,4,2572.0,17,0
014d9a685fd57276679edd00e07089e5,PR,1,1,1,69.99,38,0
0176f73cc1195f367f7b32db1e5b3aa8,SP,3,3,2,559.7,30,0
01bcc9d254a0143f0ce9791b960b2a47,GO,8,8,2,1105.96,74,0
01c97ebb5cdac52891c0ed1c37ba0012,SP,5,6,1,176.4,54,0
01cf7e3d21494c41fb86034f2e714fa1,PR,53,59,21,8323.759999999997,139,0
01ed254b9ff8407dfb9d99ba1e17d923,SP,5,5,2,1465.99,53,1
01fdefa7697d26ad920e9e0346d4bd1b,PR,65,66,13,7976.069999999991,10,0
0241d4d5d36f10f80c644447315af0bd,PR,24,26,12,1474.7000000000003,13,0
0249d282d911d23cb8b869ab49c99f53,SP,10,10,4,371.0,38,0
024b564ae893ce8e9bfa02c10a401ece,SP,1,2,1,239.0,322,1
028872bfa080090a9d0abd4f1af168f8,MG,1,3,1,70.5,134,1
02c988090b766852e088c69d7fb3b551,SP,5,9,5,550.0699999999999,34,0
02d35243ea2e497335cd0f076b45675d,RN,12,14,2,5246.0,13,0
02ecc2a19303f05e59ce133fd923fff7,SP,9,11,8,2360.3,4,0
02f5837340d7eb4f653d676c7256523a,PR,11,11,1,1487.2400000000002,16,0
0307f7565ff85b299b6e5ef162b1b1a9,SP,5,5,5,4695.0,220,1
04308b1ee57b6625f47df1d56f00eedf,SC,7,7,5,8305.3,11,0
0432ead42b6c8a0bdf68154add917fdf,SP,73,78,50,6851.299999999992,1,0
048c2757535328e0d7dac690ad3c0aae,SP,24,24,12,4366.799999999998,1,0
04aa0a1c5ce6b222003403a3e11c3cc0,SP,10,16,7,5409.0,93,0
04aba03279157f6d4e0fe8ccaf21963c,RJ,9,9,7,1454.0,11,0
04e38a233f726ef161074ab1c9b0399a,SP,12,15,7,571.4999999999998,36,0
04fdea0c111866e6cf812f1570d6b5bd,SP,4,4,2,485.0,15,0
0509040ea3fe50071181bbc359eb7738,MG,54,60,22,2209.2500000000005,1,0
052577151711aec5c744fe12e66db3e1,SC,1,1,1,687.0,66,1
054694fa03fe82cec4b7551487331d74,SP,16,17,11,6681.0,75,0
056b4ada5bbc2c50cc7842547dda6b51,RJ,4,4,4,995.98,5,0
058cb5aeb36d7c0fcae20fc85d5e0a59,RJ,3,3,3,276.0,86,0
058fd0aa2bfdb2274e05e1ae971dabb6,SP,35,36,7,4421.5,11,0
05a940b4ecae36cadfd8e93bd9c43257,GO,7,7,6,399.29999999999995,4,0
05d2173d43ea568aa0540eba70d2ca76,MG,12,12,10,1065.6799999999998,11,0
05f51e13da97139648b8125c31e5f51b,MG,54,56,18,11989.619999999986,33,0
05feb94f19d094d4b0f9281f0b1d4c99,SP,4,4,2,5977.0,4,0
05ff92fedb5be47920fea08e501238b9,RS,38,41,15,13264.539999999999,3,0
062ce95fa2ad4dfaedfc79260130565f,RS,54,59,14,7479.099999999991,112,1
06532f10282704ef4c69168b914b77be,PR,7,8,7,9827.95,134,1
06579cb253ecd5a3a12a9e6eb6bf8f47,SP,31,31,8,2265.9000000000015,16,0
066a6914e1ebf3ea95a216c73a986b91,PR,41,43,30,6690.2099999999955,21,0
0691148aee60ca47977c187804f935ae,PR,5,5,5,239.63,11,0
06bb3a2fe5e7b7a845b13e8fb91bd944,MG,9,10,9,842.6,15,0
06e5eefc71ec47ae763c5c6f8db7064f,RS,22,22,11,4589.72,1,0
07017df32dc5f2f1d2801e579548d620,PB,7,8,2,797.4899999999999,239,1
070d165398b553f3b4b851c216b8a358,SP,5,6,3,515.94,15,0
0725b8c0f3f906e58f70cbe76b7c748c,SP,6,15,4,960.2900000000001,267,0
0747d5bb69f0586cc869d8af4c50f93e,RJ,10,11,9,250.00000000000003,211,1
0761743cbffb25d7148189e9f1a5f03a,SP,1,5,1,175.79999999999998,29,0
077c5fae4bea9500e3737b16f71b9d3a,SP,3,3,2,20.4,24,0
07a9bc7f61396b658ddf3ac534efe44c,SP,1,1,1,119.9,188,1
07bf9669d84d1f11be443a9dd938f698,SP,11,14,9,1044.0,88,0
080102cd0a76b09e0dcf55fcacc60e05,MG,18,18,10,811.4200000000001,2,0
080199a181c46c657dc5aa235411be3b,SP,24,24,18,4203.7599999999975,13,0
08061dc0fc165ed41288cc7acde738ee,SP,4,4,3,123.8,44,1
081acf3de680d554796c9cf041be7bc2,MG,1,1,1,399.5,34,0
082e0bf4cb865a6533b1e8e498cc0255,SP,4,10,7,753.1,23,0
08633c14ef2db992c11f840f04fad4cd,SP,3,3,2,226.70000000000002,11,0
0885aaf116795758dfeb5f1032487bcd,SP,1,1,1,124.9,17,0
0887a9f087bcd5d9f6642b52f897fc6c,SP,12,12,3,1642.0,148,1
08d0949a9a17c027262db1f3c450c26c,PR,1,1,1,46.9,132,0
08d2d642cf72b622b14dde1d2f5eb2f5,SP,16,20,7,908.9999999999999,25,1
091065b789659bc3cd9af9cb3a6253ff,RS,1,1,1,690.0,75,0
0936e1837d0c79253456bbb2ffaaef10,SP,1,2,1,38.9,263,1
093805f8f2aeb63881444571e1f48f30,SP,20,25,17,1171.39,23,0
09883d9ab71c8fe8a9bfc7fc3075b07e,SP,4,4,4,269.6,42,1
099095b050cfe8eb1ddff5317587e96e,SP,1,1,1,829.99,15,0
09f952a5f58d2285b0372551ae8f9b01,SP,6,7,4,1948.3500000000001,18,0
0ac4201fda2c68ebc0e47cb9423cf3c9,SP,5,5,3,557.96,41,0
0ad80de75c811326389cfb1daba7d45e,RJ,5,5,5,1219.5,27,0
0adac9fbd9a2b63cccaac4f8756c1ca8,SP,64,86,43,9527.389999999983,21,0
0ade5cc4a305ed7093a23f68ca47519c,PR,1,1,1,79.89,37,0
0aea4c6ae1505b3228ddf3dd7822ee5b,SP,2,2,2,476.97,48,0
0afccdb8a34ee5c79f7c06faf2b4d56e,MG,22,22,10,1105.7999999999997,3,0
0b09101900100c0e9d312861fad5a1b9,SP,1,1,1,153.75,338,1
0b18d63d0cd1d723567903fd34a07df2,SP,6,9,6,1086.46,122,0
0b35c634521043bf4b47e21547b99ab5,PR,3,5,5,1571.9,5,0
0b36063d5818f81ccb94b54adfaebbf5,SC,1,15,1,765.0,335,1
0b3f27369a4d8df98f7eb91077e438ac,SP,2,2,2,146.51,39,1
0b46f784306be7200ca1700aa55d819f,MG,1,1,1,19.9,287,1
0b90b6df587eb83608a64ea8b390cf07,PR,12,16,10,3676.54,9,0
0bae85eb84b9fb3bd773911e89288d54,SP,78,85,34,4484.149999999999,0,0
0bb27263628258b8111a0262769fa9db,SP,1,1,1,22.2,274,1
0bb738e4d789e63e2267697c42d35a2d,SP,15,16,4,1052.5,4,0
0be8ff43f22e456b4e0371b2245e4d01,SP,59,70,48,4027.200000000004,2,0
0bf0150d5b9d60d9cd2906003332f085,SP,29,46,12,4037.7000000000025,4,0
0bfd0b434243adc5c2e1aa6baf19c6aa,RJ,5,5,5,286.3,18,0
0c7533c71df861ec58ad7ff999ed0e8d,SP,30,35,18,1305.3999999999999,10,0
0c7f30ae9b147eca07affbef92832a6a,PR,5,5,4,479.5,258,1
0c8380b62e38e8a1e6adbeba7eb9688c,MG,149,181,68,14740.499999999969,32,0
0cbcee27c791afa0cdcb08587a2013a8,MG,16,17,8,2323.0,18,0
0d33a55da925bbf1ff02af5f6059fc7f,SP,3,3,1,32.7,34,0
0d4c8269e7f0401201794deef160edd6,SP,3,4,4,792.64,54,1
0d83f8e03188682112cc0d93523705cc,RS,2,3,2,251.76,14,0
0d85bbda9889ce1f7e63778d24f346eb,MG,45,47,15,3652.300000000003,37,0
0db783cfcd3b73998abc6e10e59a102f,SP,98,101,12,7209.599999999997,2,0
0dd184061fb0eaa7ca37932c68ab91c5,SP,2,2,2,199.0,18,0
0df3984f9dfb3d49ac6366acbd3bbb85,MG,38,38,17,5046.499999999998,20,0
0e44d110fa6a54e121cb2c095a77762f,SP,5,5,5,189.24,17,0
0e982cff76cc0579f632cea8a0e38c9d,SC,1,1,1,320.0,95,0
0ea22c1cfbdc755f86b9b54b39c16043,MG,170,197,119,8078.89999999997,0,0
0eaa7e33d73809f1f925f7d07c506cbd,SP,11,11,10,1228.0,28,0
0ebd97a106433a45a4aebe57c1799778,MG,17,17,7,1818.3000000000006,3,0
0ed6ce5d87fd9c69eaacaeb778d67235,SP,8,8,5,600.1999999999999,1,0
0ee4fb99ac55ffbbc98795aa01b7f8fa,SP,1,1,1,59.9,244,1
0ef83d7d83ed97cd2a0049ac8be5f88a,PR,10,12,3,939.5499999999998,13,0
0f519b0d2e5eb2227c93dd25038bfc01,SP,1,1,1,79.9,338,1
0f94588695d71662beec8d883ffacf09,SC,1,1,1,9.0,305,1
0ff83046c3fa22efee8ecf291888b191,RS,7,8,5,559.1999999999999,21,0
10076e5788b8ee532724bcd460baf762,SP,9,9,5,285.2,29,0
10089e9f2fd0c668a8fd4e52e1698888,SP,3,3,3,1139.9,47,1
1025f0e2d44d7041d6cf58b6550e0bfa,SP,233,407,56,33234.85000000018,1,0
1099a00e0ee3a50935e6c2447ca090c5,RJ,2,2,2,599.8,22,0
10ff823eda2b032e2c93d17a7d294736,SP,4,4,3,636.28,27,0
1127b7f2594683f2510f1c2c834a486b,SP,79,89,52,4368.480000000002,8,0
11305281b50fff20ae8bb473f8e11876,MG,18,21,15,4103.89,27,0
113e3a788b935f48aad63e1c41dac1bd,SP,17,22,14,371.3499999999999,0,0
116ccb1a1604bc88e4d234a8c23f33de,SP,17,23,12,466.50999999999993,12,0
119c7f1a00ef43fad0e57604e76a747c,SP,1,1,1,149.9,77,0
119d1aef1b4144adba89163f6cd9f5d4,SP,4,4,3,1094.0,44,1
11bfa66332777660bd0640ee84d47006,SP,23,30,17,1300.2699999999998,3,0
11d4c477d09821164bca4f70a2eae031,SP,3,4,2,83.04,125,1
11eac105f3f90a9b87b19c89d91e24f3,SP,5,5,4,802.89,172,1
1284de4ae8aa26997e748c851557cf0e,SP,3,3,3,1459.97,72,1
128639473a139ac0f3e5f5ade55873a5,PR,227,238,52,4847.85,0,0
128f9bfbe4c7d5185033914b1de3d39a,SP,7,7,4,859.0,12,0
12a8eb0f8d1cd3270695bf2a99f55966,SP,2,2,2,397.0,18,1
12b9676b00f60f3b700e83af21824c0e,RS,93,93,28,18305.0,1,0
12c2ed9cded6138cf0c75f525f565fc7,SP,3,3,3,214.97,20,1
13074f016982ff2bd6c58ced8682f000,RS,7,8,3,1123.0,27,0
1336efc61c316ddf92c899eb817f7cae,SP,46,54,38,2583.4699999999993,36,0
134a288e7de827ec5ec62e3ec9c3a295,SP,9,9,7,877.45,103,1
1352e06ae67b410cdae0b2a22361167b,RJ,2,2,1,178.0,268,1
1354d51653f645349064725ed204e85e,SP,8,8,8,950.0,7,0
139157dd4daa45c25b0807ffff348363,SP,1,1,1,29.9,122,1
13d058e4eeac2ce8217660b2f8a05812,SP,15,15,3,2589.8499999999995,17,0
13f57c12a00ed4610db646b913a7f5c6,SP,4,9,3,370.4,18,0
13fa2a6c6b9d0f43cb588d7c82117a12,SP,9,10,4,4528.0,93,1
1430239a858e7682bbc43b20758af153,SP,7,10,8,296.49,21,0
1464afc72f696af775557a821c2e253f,RJ,16,17,8,547.6599999999999,19,0
14d7985702e72162bbf13b6beb74ab2b,SP,18,18,12,2007.0,3,0
14ee35374a7876217954b5fa08e50463,SP,4,4,2,511.0,17,0
152ee17e4c8aaf53dac99f3462e4999b,SC,6,6,3,308.96000000000004,78,1
1554a68530182680ad5c8b042c3ab563,MG,156,171,42,16216.589999999967,8,0
157c3e4b42f81ac4a44e8b1ca2fe9876,SP,4,7,4,541.5,34,0
1588ac4010787100dddef64568f0ae35,PR,1,1,1,199.99,9,0
15aac934c58d886785ac1b17953ea898,ES,11,11,9,1672.0,2,0
15b3b1b81484422eb41df68ac87f1f50,SP,1,1,1,43.35,36,1
15cd6eefe58588619aaed41dfa6621b1,MG,7,9,5,522.0999999999999,124,0
16090f2ca825584b5a147ab24aa30c86,SP,78,78,9,11045.279999999997,12,0
160e4f13fd3a64b1b86807be88b5ffb0,PR,1,1,1,349.0,46,0
165fc07beebdcb6190fba8a06db2a449,PR,33,43,15,11792.099999999999,16,0
1660ad786c27fd935378b6192a90b417,SP,6,6,6,740.0,61,0
166e8f1381e09651983c38b1f6f91c11,SC,2,2,1,78.8,132,1
167fd940acebc789debd6eb418c46e38,SP,2,2,2,327.88,10,0
17306570e772e7718c92a562d33f5f1d,SP,19,22,14,6533.799999999997,13,0
1746c1ae87ac63d530c7c943d0ac42e2,SP,1,1,1,229.9,19,1
1771297ac436903d1dd6b0e9279aa505,SP,24,31,8,2687.72,67,0
1782ce2db72c3dda627d5e7c898104e1,SP,6,7,6,1362.8,12,0
17908cf9b444ee34047cadd5c0f4a516,GO,3,3,3,594.99,62,0
17998cf586426bf0f2c3726cb0a4b211,MG,1,1,1,19.9,156,0
17a053fcb14bd219540cbde0df490be0,SP,34,43,28,11125.259999999991,1,0
17ca9b9e9b9ef8fdb529001b49ebb50f,MG,39,46,18,3187.619999999998,0,0
17e34d8224d27a541263c4c64b11a56b,SP,162,169,79,32711.809999999994,12,0
17eea220a40cc0d2c0c5346379682398,SP,3,3,2,875.98,92,1
17f51e7198701186712e53a39c564617,SP,40,44,22,34760.0,16,0
180c3376aff0e43dd5788709df48a843,SP,4,9,3,3133.0,79,0
1835b56ce799e6a4dc4eddc053f04066,SP,134,173,65,9339.089999999976,1,0
1838dd9b8977065acf51d95e0053ea7a,MG,19,19,9,877.0999999999997,9,0
184a67a8f9f63234d3a92340bbdb727f,SC,6,7,5,179.18,53,1
18a349e75d307f4b4cc646a691ed4216,SP,14,15,9,878.05,13,0
1900267e848ceeba8fa32d80c1a5f5a8,SP,142,192,80,9462.509999999975,1,0
191d55f7edb8524d525ed01b20fe32e8,DF,2,2,2,498.0,25,0
1976a05ecf2996d6ffb7b5430e635fe7,SP,8,9,4,1796.1999999999998,108,1
1987cd4be10fe09ee50454f9c354d1c6,MG,11,11,7,2277.7000000000003,5,0
198c7ea11960a9844b544d9bcdca860c,MG,25,25,4,1733.7500000000002,131,1
19a7c9f66ffa6452ff4b4c0cca71da27,PR,1,1,1,279.0,92,1
19e0f40a907ec568c34bfac15de4f4a1,SP,4,4,1,178.0,74,1
1a3df491d1c4f1589fc2b934ada68bf2,SC,112,117,4,15523.999999999973,3,0
1acde099eb406aa220b1169b188b42da,SP,9,10,9,311.09999999999997,53,1
1b0b0f4f95e962d6f32fe90c759d0479,SP,1,1,1,69.9,30,1
1b1ae47a313a825a7ccceb8e2e30fa9d,PR,7,7,3,1119.3,29,0
1b4c3a6f53068f0b6944d2d005c9fc89,SC,70,74,21,9630.989999999989,2,0
1b61fb1f0f2185d89e9a126c498e9cc7,PR,1,1,1,49.7,191,1
1b7e5006cb25dd23ce8686691013b121,SP,3,3,3,298.98,5,0
1b8356dabde1d35e17cef975c3f82730,SP,55,60,14,3366.399999999995,47,1
1b8b75e227c9a9c100d0c210fb6176ce,SP,15,15,11,1444.8700000000001,31,1
1b938a7ec6ac5061a66a3766e0e75f90,SP,15,17,4,1041.2999999999997,17,0
1bb2bdb95f4841f1bba2c0d2cd83d3c9,SP,18,18,9,1601.8700000000001,9,0
1bb3812d5f0747a3ab7348f199001a10,SP,3,3,3,370.70000000000005,2,0
1bc2e21de46adfea6b98cc96b00f3b40,SC,3,5,2,1039.95,227,1
1c129092bf23f28a5930387c980c0dfc,SP,86,95,7,4110.120000000004,1,0
1c5e4e49b9079480255b49d50aac1aa9,SP,8,8,5,7093.01,25,0
1c68394e931a64f90ea236c5ea590300,PR,47,59,23,9855.239999999996,10,0
1c83418358f249c9d6affa52d579db0e,SP,1,1,1,24.9,246,1
1ca7077d890b907f89be8c954a02686a,SP,50,55,9,5440.959999999999,0,0
1caf283236cd69af44cbc09a0a1e7d32,RJ,21,23,14,525.5400000000001,29,0
1ce3ae5a399804d1a87e706f8a813c3e,SC,14,16,10,903.3999999999997,18,0
1d0997ff06b524ce9289ffd75114ecd3,PE,3,3,3,3747.0,37,1
1d139e3a3b14025640d8df1b230aace0,SP,2,2,2,36.49,42,1
1d2732ef8321502ee8488e8bed1ab8cd,RJ,2,2,2,827.0,223,0
1d29dfba02015238dfbe2449a5eaa361,MG,5,5,3,247.5,4,0
1d4587203296c8f4ad134dc286fa6db0,SP,3,3,3,193.70000000000002,9,0
1d8dbc4f32378d715c717c1c1fc57bae,PR,58,63,23,7391.399999999998,6,0
1da366cade6d8276e7d8beea7af5d4bf,MG,42,48,14,6348.589999999997,10,1
1da3aeb70d7989d1e6d9b0e887f97c23,SP,120,155,82,4672.589999999986,5,0
1dcfa3835714681d4ba4a93bc1e0fd41,SP,12,14,4,1186.6000000000001,17,1
1dd33b8119b3cb1056ed5dc88cd0aaf4,SP,5,5,2,916.0,3,0
1dfe5347016252a7884b694d4f10f5c4,SP,15,18,12,1145.4,15,0
1e47d8b6546eb3a77b1acddcc9406242,SP,1,1,1,149.9,230,1
1e47defeeadeca0e9a18fa5a9311e735,SP,3,3,3,234.12,165,1
1e483cc5c76fef08d3ca05f9a8af7d01,SP,9,10,3,166.09000000000003,227,1
1e8b33f18b4f7598d87f5cbee2282cc2,SP,8,8,6,787.3999999999999,7,0
1eade46fba20122dc4aefb379f8c636b,SP,16,25,5,926.3000000000001,2,0
1f1bb1f0859883505541bdd6606193e5,SP,15,16,12,7801.8899999999985,13,0
1f50f920176fa81dab994f9023523100,SP,778,1064,6,60781.79000000072,0,0
1f7fd2a6fcd5a6fa5d8a4dabc72aaae0,RS,2,2,1,316.8,140,0
1f867308a0ce13133a4e639ff4de0c02,PR,2,5,2,268.62,29,0
1f9ab4708f3056ede07124aad39a2554,SP,29,29,5,5167.729999999999,18,0
1fdc574883ef3b33ad41562d93f3a74a,SP,4,4,4,1010.0,4,0
1fe61aa5494bd3ae92a2c13e067c810f,SC,1,2,1,537.76,34,1
2009a095de2a2a41626f6c6d7722678d,SP,8,12,4,388.88999999999993,61,1
2059c39f76271d4ca3f15b5ffaccc8b8,PR,12,12,2,604.8999999999999,115,1
2063dd1b9f568df1c16741ea7d3e6adb,PR,3,3,3,763.0999999999999,46,1
2089a6d640999f9b9141ac719b2af596,SP,21,21,14,5189.92,17,0
20b54c376b794ed028df09a3cd88e8dc,SP,2,2,1,339.52,101,0
20cb7c2fde3e5bf10f0bbe7394e1c6a9,PR,23,38,2,642.1999999999996,3,0
20d53aad4fe5ee93a64f8839609d3586,MG,1,1,1,14.5,35,1
20d83f3ef0e6925fd74bfd59170babf7,SP,24,32,30,1675.8000000000009,9,0
20f0aeea30bc3b8c4420be8ced4226c0,SP,1,1,1,14.9,329,1
2138ccb85b11a4ec1e37afbd1c8eda1f,SP,293,318,117,8853.319999999949,2,0
213b25e6f54661939f11710a6fddb871,SP,6,11,5,422.25,15,0
2156f2671501a81034d7d07f217609d0,SP,9,9,6,717.7,25,0
217f005bb37ff3aeef5b2ae1788e75ba,SP,2,2,1,49.98,235,1
218d46b86c1881d022bce9c68a7d4b15,SP,188,208,92,28616.020000000008,5,0
218f991754f360af9c2daa5e0b8e990c,SP,2,2,1,439.8,11,0
2199e7fe213c16213bf5d6a7eadc9a5d,SP,15,19,11,2512.7900000000004,5,0
21e83881401b92b49fb09a16d3852291,MG,9,10,8,2539.1800000000003,12,0
2235cf78d3e2073a88146a9cb60f0dd0,SP,1,1,1,178.99,30,1
229c3efbfb0ea2058de4ccdfbc3d784a,MG,91,111,20,11269.0,2,0
22a23e5ac7061fc538cc2a019afaaf16,MG,1,1,1,95.0,227,1
232a6014e7b10cba61c6c2b2ea6bb4b0,SP,15,17,12,1892.4000000000005,26,0
23613d49c3ac2bd302259e55c06c050c,SP,35,38,19,2411.2000000000016,14,0
236585a4ddb5fea9fa40233e2249ed91,RS,7,7,2,389.66,18,0
238fac594e170b59c6d228f5a4f4f1d9,SP,8,8,4,776.0,16,0
23ca5f678e0b3ea6c630b30fa8bf51ea,SP,6,7,4,183.0,241,1
23d7c96d4a1160db1c726b248601b25a,SP,20,22,14,4247.240000000001,8,0
23ff42c4bf1f8f16cddb19d8b972974a,MG,2,3,2,174.70000000000002,44,1
244b04680fdbded0acf5aebd9c92b44a,SP,2,2,2,1701.8000000000002,17,1
244c2f1bff6afe1f2eaf9bfe9b2aed38,SP,20,24,11,2283.0,4,0
2493dc3f20131696a0ecdb9948051a8d,DF,4,4,3,504.38,327,1
24c1de8d9551c0b4fbc53317d53efda8,PB,1,1,1,355.0,331,1
2528513dd95219a6013d4d05176e391a,SP,66,68,45,18453.699999999997,3,0
2528744c5ef5d955adc318720a94d2e7,SP,2,2,2,4598.0,9,0
252e76235acb79183cfca6e34f13337d,SP,2,3,3,204.0,172,0
253c025bab43881055aeecde5e2d8b77,PR,1,1,1,49.9,38,1
259f7b5e6e482c230e5bfaa670b6bb8f,SP,60,77,20,3580.0400000000013,4,0
25c5c91f63607446a97b143d2d535d31,MG,124,218,17,44476.030000000086,3,0
25cf099de44674fde97473224f9d59ab,SP,20,20,15,736.9799999999999,8,0
25debeafbce801fdd479539350185eee,SP,4,5,2,172.86,30,0
25e47381a6c510ddeb36084e33b89f0c,SP,16,17,11,1289.6000000000001,185,1
25e6ffe976bd75618accfe16cefcbd0d,SP,80,89,43,9611.07,0,0
262237171f48e85819065498cac80d7b,SC,1,5,1,299.5,149,0
26785a546900236d66f2e4197c211158,SP,4,4,3,339.70000000000005,8,0
26bad72add1f86e08a776ce4ffdaf1ca,SP,2,2,2,81.0,54,0
26d8a1c7c75d513045798992ead43aa2,PR,13,13,8,1887.8700000000001,14,0
270297ead4c65a6cd2593960d2af6b21,SP,5,6,6,2505.8599999999997,37,0
2709af9587499e95e803a6498a5a56e9,SP,20,40,14,1006.580000000001,34,0
270d3ef21830ad0ecf3a6c53d08a533a,SP,1,2,1,76.0,25,0
272f092de69afedd4d2969440b37f18f,SP,25,39,24,1846.3300000000004,77,1
2745f798279e0ed033addcc1474776d7,SP,17,17,9,2181.3199999999997,3,0
27a56ff04b34c2ba34ce6ba4d3b9d616,SP,8,8,7,349.28999999999996,79,1
282c7480173bb9c01dd41cc739fec010,SP,5,8,4,4274.2,132,1
282f23a9769b2690c5dda22e316f9941,MG,35,40,19,2382.0000000000005,0,0
28d162ab86bb49d719c32f0ee6186eaa,SP,1,1,1,109.99,103,1
28ea411b354f14b1a494be4e79f0ce02,SP,5,5,5,685.0,11,0
28fb0829fd777877cdc350d25cb5bd5b,SP,2,2,2,279.8,39,1
293dee954235e4e4e43f129313625ebe,DF,2,2,2,188.98000000000002,19,0
2953ce3a88f5e3c3b696d77fc9e4c8eb,SP,1,1,1,35.0,91,0
29fe9f200d3fa0c668d2aa1ec7e08dfb,SC,5,5,4,400.0,119,1
2a1348e9addc1af5aaa619b1a3679d6b,MG,41,44,27,2396.7000000000016,2,0
2a261b5b644fa05f4f2700eb93544f2c,SP,4,5,3,460.0,22,0
2a50b7ee5aebecc6fd0ff9784a4747d6,DF,1,2,1,199.8,34,1
2a5b78b41cd05baeac8df54c6606b92c,MG,10,12,8,1435.1699999999996,21,0
2a61c271b1ac763450d846849783e922,SP,8,10,4,703.9,2,0
2a6fbeaa7ab9e5d59a35841a8da71ce4,SC,11,11,5,613.1999999999999,22,0
2a7c6c0b0d5efde2bf75ec1e1cec2d41,PR,3,3,3,147.6,20,1
2a7dc43cecabf23403078e2188437d1d,SP,21,22,10,2297.4700000000003,17,0
2a84855fd20af891be03bc5924d2b453,MG,2,2,1,220.0,2,0
2aa3443d7bf9d9bb11133f420d75e083,RJ,2,2,2,97.8,43,0
2addf05f476d0637864454e93ba673d5,DF,9,9,7,3179.0,13,0
2b03ac196f5ed62ac483960fe0fa3b65,SP,4,4,3,488.1,21,0
2b1a40c1daabc6ca280c4b815c101841,MG,15,23,13,8944.779999999997,81,0
2b2fed75b8e5ea3a052fc4c0825da485,MG,3,4,3,510.9,151,1
2b3e4a2a3ea8e01938cabda2a3e5cc79,SP,35,37,10,17311.330000000005,31,0
2b5ed0c9139dae8883a200dfcb272ece,SP,4,4,1,85.41,54,1
2bd05d410a8fd26dc4184a15f4f2f588,MG,6,7,6,1316.73,71,1
2bdb95a56a36ebbc6640337ac5eac174,SP,1,1,1,89.9,334,1
2be17df1c49978426251562096c3cc09,SC,15,15,9,2032.1000000000004,17,0
2bf6a2c1e71bbd29a4ad64e6d3c3629f,RJ,10,10,9,16849.699999999997,22,0
2c3d56f92f360fb89d849b84e8f50eae,SP,4,4,3,228.0,31,0
2c4c47cb51acd5ea5db5e0ae0e26542a,SP,4,5,3,899.12,26,0
2c54051840f19eca309a5423cf22df36,PR,1,1,1,11.35,27,0
2c9e548be18521d1c43cde1c582c6de8,SP,27,33,10,1234.1700000000003,4,0
2cb4700db635baa1c0d4f90ed27b6669,PR,2,2,2,199.8,288,1
2d2c62bef4c8ba0dd74e0e228e808539,SP,1,1,1,450.0,41,0
2d378dbb39815785238c0139c7647fb7,SC,2,2,1,1154.0,227,1
2d50d6282f8aa2257819a77bfaa0efe0,SP,24,25,8,1464.8799999999999,0,0
2d8cfba3fcd3170555941605edaa196a,SP,1,1,1,45.0,291,1
2dd1fb6f0e42a2243b8a01e40cd41216,PR,3,4,3,686.89,250,1
2dee2ce60de9709b1a24083217181a1f,MT,46,47,5,6290.5,16,0
2e0dba2da448400b1c11d7b4b22f32a4,SP,7,13,5,235.86999999999995,223,1
2e13c71026e1a39ba5cc1b86dcb679aa,SP,1,1,1,190.0,3,0
2e1a7d075abe038c1b2743005fe42ff1,SP,8,10,8,586.9999999999999,29,0
2e1c9f22be269ef4643f826c9e650a52,SP,80,82,37,5069.679999999989,3,0
2e3be8a987a30d7544dbbda6861cc14e,MG,9,9,8,1318.92,32,0
2e90cb1677d35cfe24eef47d441b7c87,SP,43,47,17,4155.010000000001,4,0
2ec6e37d992a95eaddb3369dcbcc76d9,RS,2,2,1,159.8,85,1
2ee0a0689f2f6a72f35a7cb6033f6e7e,SP,4,4,2,272.0,35,1
2eeb6531ee027a48d401e72bebdd87d3,SP,3,3,3,38.699999999999996,320,1
2f09f7d37a97956d11cc1a7cadd5262b,SP,7,8,3,625.0,120,1
2f1e7b90e01d9f086cbcb301c0c3d406,SC,1,1,1,59.0,34,1
2f3d8b4c9e2ee165075331fea3f3095a,SC,1,1,1,130.0,79,1
2f4b9d112bfa44a214bc6cef085d17c8,ES,4,5,3,275.09000000000003,259,1
2f73e04d12cdf0c945ded66bb3fcf6c7,ES,2,2,2,980.0,134,1
2f74af7a0ee5636f12c2336f9fffed47,SP,13,13,12,560.6999999999999,41,1
2f9b7ce230a057a98a9f5df5893ee36c,SP,2,2,2,141.82,196,1
2fb25ab44bdbeae6a4d816e0d0c9d500,RJ,4,4,1,295.98,104,0
2fdde51ad3e12f297da656d4fbd5d0b5,SC,9,9,3,5803.0,75,1
2ff6b7bff164ef05590a52734e1296da,PR,1,1,1,569.9,60,0
3078096983cf766a32a06257648502d1,SP,38,43,29,4988.999999999998,4,0
30a2f535bb48308f991d0b9ad4a8c4bb,SP,41,50,19,2695.0000000000023,2,0
30c7f28fd3a5897b2c82d152bb760c17,RJ,6,6,4,1849.3800000000003,31,1
31344c16881c08a8a72c6d2eb29918c1,MG,21,21,8,4687.900000000001,14,0
318f287a62ab7ac10b703ac37435a231,SP,26,33,6,1341.98,2,0
31ae0774c17fabd06ff707cc5bde005f,SP,5,5,4,4029.9200000000005,49,0
31da954dc0855f2495c6310f70a2f931,SP,8,8,8,658.0,14,0
325f3178fb58e2a9778334621eecdbf9,SP,34,44,13,953.4999999999992,3,0
327b89b872c14d1c0be7235ef4871685,AM,3,3,3,1177.0,291,1
328acb143b4a73aad6bee8e734f5d20d,PR,2,2,2,699.98,324,1
32e5635e63cb374eb63afdd242fb6134,RJ,1,1,1,910.0,135,1
32f83ffe11cd40f7adcf4eef171f52d9,RS,1,1,1,29.99,40,1
32fdd5d44ecb43dfd6a24b9369eca144,MG,8,8,5,479.19999999999993,230,1
3340ef1913fb70d28420f6ceb685c339,PR,32,42,15,6731.149999999996,37,1
33576ec5412fb5905d876f12f33bfde6,PR,21,22,1,1828.0,4,0
3361277dc30b7cccdb0c286b24219756,PR,16,27,12,2341.08,17,0
3364a91ec4d56c98e44174de954b94f6,RO,6,6,4,3579.9399999999996,124,1
33a17d60c64393351ebf1ef860f4e0f2,RS,8,8,7,1473.8200000000002,25,0
33ac3e28642ab8bda860a2f693000e78,SP,20,21,10,2012.7100000000007,21,0
33c51922b6e3c16b24a8f28e5833c99d,PR,5,5,2,1157.0,1,0
33cbda8716511e27e556dff9d8418bf2,SC,2,3,2,281.7,257,0
34056b8b55c1775a22af2331670a799c,SP,5,5,4,729.6999999999999,33,0
343e716476e3748b069f980efbaa294e,SP,9,10,5,360.99999999999994,12,0
3442f8959a84dea7ee197c632cb2df15,SP,3,3,3,218.7,123,1
34675b28b826facfde119785bf287dc1,PR,1,1,1,21.99,152,1
3481aa57cd91f9f9d3fa1fa12d9a3bf7,SP,22,22,7,1613.1500000000003,131,1
34d1ca11b242c0fee2c834ae8d788566,MG,26,27,4,8454.140000000003,30,0
3504c0cb71d7fa48d967e0e4c94d59d9,SP,53,53,14,2349.940000000001,54,1
35857757f553273b1056c1cabdace7fb,SP,5,5,5,399.7,29,0
3586b8580d9c917874e053a1bb37b5ff,SP,22,26,5,917.3999999999996,11,0
35ef5aa32949680f627efec3c23e705c,SC,4,5,3,361.6,173,1
35fb511489d9ee3ee27a76debce9df06,PR,4,4,4,320.5,67,0
365e445f796710c3431557e85caa25db,SP,4,5,4,1115.0,198,1
36a968b544695394e4e9d7572688598f,SP,88,92,34,5250.84,27,0
37303482a42fb700d8d127e70a9cd6c8,SP,1,1,1,58.9,20,1
373ee4a3a775a733770ca3f790b8b9ac,RJ,8,16,6,1257.0800000000004,18,0
37515688008a7a40ac93e3b2e4ab203f,SP,179,190,2,4218.0000000000055,1,0
376a891762bbdecbc02b4b6adec3fdda,GO,35,35,11,4318.3099999999995,9,0
3771c85bac139d2344864ede5d9341e3,SP,26,30,7,1433.3000000000006,19,1
3785b653b1b82de85ab47dd139938091,PR,2,2,2,114.8,70,0
37be5a7c751166fbc5f8ccba4119e043,SP,261,269,9,53099.57000000001,8,0
37dd29b36c458d82f74a953c40c43645,SP,3,3,2,1154.71,35,0
38102b031c2a15e54623d711bfc753d3,CE,7,9,4,388.0,89,0
381c83fdca332ea6afd896da20bf6e4a,PR,19,19,17,3125.0,2,0
385799a1cddbd26dfeb9157356a42282,SP,4,6,3,551.9399999999999,113,1
38874e327ce94d11390b96eb42d61928,SP,5,5,2,3089.95,64,1
38af8acfd46ac4a7bf754e8ca6736664,SP,2,2,2,168.0,1,0
38e679b9e0064cd94c6f035707344dae,PR,23,24,9,3390.289999999999,59,0
38e6dada03429a47197d5d584d793b41,SP,7,12,8,596.14,63,1
38f276ca6e7cc95a6d1bb55ac9e5550f,SP,1,1,1,24.99,35,1
391fc6631aebcf3004804e51b40bcf1e,SP,277,331,98,21932.61000000003,4,0
392e0502231ae2f8b29994ef6398cd77,SP,16,16,10,1463.0000000000002,89,0
3969863bb8af7f72580b3b1ffd3a17b3,SP,5,5,3,234.77,1,0
3985a3c45be355a4c57fde108bfabd1c,RS,7,8,5,344.19999999999993,195,1
39c763cca83e654764b7a4a650fb9b7c,GO,4,4,3,306.0,33,0
39d54ff918774174706fb065d7f9dc07,SP,4,5,2,347.0,16,0
3a1a1fec38dd360f15fc912e821e169d,SP,3,3,3,425.4,39,0
3a490ba60afa30ece0e7d50cfe74a4f0,MG,8,8,3,1529.2000000000003,13,1
3a52d63a8f9daf5a28f3626d7eb9bd28,SP,1,1,1,35.0,333,1
3a734b715d333a2588a3d54a0c9b8746,SP,14,20,8,2052.52,32,0
3a79f35a2344ede41af21267f61d5ec6,SP,1,1,1,186.0,43,1
3ade81dab5a172b88e1871c28ae05260,SP,4,4,4,702.9,1,0
3b15288545f8928d3e65a8f949a28291,SP,68,75,38,8628.249999999987,20,0
3b872fd4747f01cc56206f2934198618,SP,1,1,1,99.99,34,0
3bb548e3cb7f70f28e3f11ee9dce0e59,PR,28,32,16,5205.769999999999,25,0
3bdff180c7e1f6551a643b99c265a120,SP,41,41,14,2145.900000000002,5,0
3be5841cdcc46de4ed3f9116f104b2c5,SP,4,4,4,599.6,320,1
3be634553519fb6536a03e1358e9fdc7,SP,38,44,21,2596.640000000001,2,0
3c03b12bab54d8b37d79d914bfdb1aa0,RJ,1,1,1,18.45,8,0
3c3017960b2dbd72711a61f0400aab8f,SC,9,9,3,878.9,270,1
3c487ae8f8d7542beff5788e2e0aea83,DF,7,10,6,3084.0000000000005,32,0
3c4e0452bff7a2a788179488d3d77032,PR,14,15,3,1677.5000000000005,1,0
3c7c4a49ec3c6550809089c6a2ca9370,SP,64,72,19,1749.5900000000008,3,0
3ca08eeb8d5595949fed424bd3677742,PR,11,11,6,1329.0800000000002,17,0
3d01d1c414c44b5943a09619ff3853cb,SP,4,4,1,303.6,170,1
3d0cd21d41671c46f82cd11176bf7277,SC,4,6,4,255.3,100,0
3d290fe363c60a77498c1126fd3fb8d3,SP,3,3,2,198.98,211,1
3d39fbf22a665714baf62fae36029e23,SP,8,8,4,2504.2000000000003,36,1
3d4b1ae7539303b5704493798893e82c,SP,2,2,2,311.0,19,0
3d621842b2ed28e2b474132480edac3c,SP,8,8,4,873.9300000000001,30,1
3d62f86afa7c73be2628a3be1423f5a0,SP,1,1,1,6.0,18,0
3d700782d7818f2c1e0d7a9e9d75fc00,SP,3,3,1,149.7,173,1
3d871de0142ce09b7081e2b9d1733cb1,SP,614,663,171,52711.30000000016,0,0
3db66a856d18a9cba7c9241fc5221c50,MG,58,60,17,5308.999999999999,33,0
3dbbce181edfaa4a597ec858c382d2ec,PR,17,20,13,848.2999999999998,20,1
3df020b72d3d44b3af9d110fa3940b65,SP,26,41,7,2045.9000000000015,8,0
3dfd3dc96f7f8598eca74e9ac8a2fa31,SP,4,4,4,83.0,13,0
3ea00e1dea2b0659dbaf654735929220,PR,6,6,2,430.0,50,0
3ef37b7ca6dd2b80bd8af81a62504996,SP,2,2,2,700.0,117,1
3f0e48d209018b466fcd3bb4ccfeb520,PR,6,7,2,3699.3,14,0
3f2af2670e104d1bcb54022274daeac5,PR,3,3,3,417.9,25,0
3f3486b61f45078d4f31ee5e43d8c5bb,SP,2,2,1,109.8,4,0
3f8034bfc6b8b4135534975d49f04c63,PR,11,14,7,1273.9,221,1
3f995f07c49d0d55a99d5c54957f7d81,SP,33,33,3,3345.7000000000003,39,0
3fadb4cba4c35bce6a7eaf9872d5623a,RS,3,5,1,209.5,214,1
3faf68a3b0af94b10bac70d86077be49,SP,7,7,3,1322.93,242,1
3fd1e727ba94cfe122d165e176ce7967,SP,8,8,4,424.19999999999993,15,0
3fefda3299e6dfaea3466ef346a3571a,PR,1,1,1,209.0,141,1
4003520d80d0bad1d5623f7aa3c63cda,RJ,1,1,1,70.0,96,1
403aa86912527d730337ffcb0fb096ab,MG,11,11,6,8959.889999999998,44,1
4049512728d969bec69f84088b012416,MG,4,6,4,216.69,24,0
404e1ba01358af4cd63f679b2c4d1fa1,MG,4,4,4,134.7,39,0
406822777a0b9eb5c50e442dd4cd3ec5,SP,8,9,7,643.0,12,0
40d54b51e962dbe09cabbcfd33298dee,SP,10,10,5,2656.79,26,0
412a4720f3e9431b4afa1476a1acddbe,SP,5,5,4,246.70000000000002,26,0
4170f6a9367e6b5d6401d03ce6d54569,DF,4,5,3,568.78,11,1
41ab63a91b8b264e8c8780368bf1dd5b,MG,2,2,2,139.89,76,0
41b39e28db005d9731d9d485a83b4c38,SP,153,181,104,14217.949999999957,6,0
41b86b552e54e3a7009596125aa8b167,SP,10,11,11,1595.3,265,1
41c2bad7229b0c25e6becf179ebf63ff,RN,7,8,3,272.0,7,0
41c9d3997dd3c072c31139dc5bb5761f,MG,3,3,1,998.8,300,1
4200ddf1967c5e41e48db62bc6d4b5ac,SP,14,32,20,563.7999999999997,2,0
422be4cc81a457fdb46f47edeb968ae5,SP,1,1,1,239.9,339,1
42bde9fef835393bb8a8849cb6b7f245,DF,29,34,11,6499.0,25,0
42fb44130ac3134cde8e35cf8ec7df25,SP,2,2,2,43.8,283,1
4305fe92735c8a43d154ff6dd2b8d927,MG,12,13,5,1766.7000000000005,72,1
431af27f296bc6519d890aa5a05fdb11,SP,86,93,20,9512.699999999983,2,0
4324dd16853115efb0fd9d0d131ba6f4,SP,6,8,5,550.9499999999999,71,0
432c37c9dfba871172ec162e20118b8c,DF,36,41,14,1816.8700000000001,4,0
436bf27f2f18474fc6047702e9f8a866,SP,1,1,1,29.9,347,1
4371b634e0efc0e22b09b52907d9d469,SP,35,36,24,2381.0,2,0
43753b27d77860f1654aa72e251a7878,BA,1,1,1,23.9,111,1
4391ea5c5990502176a1dcda44a2373d,RS,2,4,2,2254.0,33,0
439a47cc365d6e3bd526812ea9de3c29,SP,1,1,1,127.5,132,0
43a1d4bab73b816e44ef4e4facd9f9b5,PR,1,1,1,189.9,314,1
43a5d4a57af536fddc96d08be3afdfcb,MG,1,1,1,75.0,200,1
43f8c9950d11ecd03a0304a49e010da6,SP,36,36,18,3753.6399999999967,5,0
44073f8b7e41514de3b7815dd0237f4f,DF,123,132,64,15658.449999999992,3,0
440dd6ab244315c632130ecfb63827b1,SP,58,58,20,8102.499999999994,9,0
443d880f15cbd3572885e1d44bf2c478,SP,1,2,1,94.8,163,1
4450bd8327d471c4a11a83d1445b1b62,SP,1,1,1,199.0,264,1
44f091b5abab8018f682fce8124b85e5,SP,3,3,3,354.4,47,1
45213867cefbf2cd4c6177e10216a951,SP,14,14,9,4955.42,80,1
4559697a8f7e637227c2eeaed843baff,SP,12,12,3,1299.0000000000002,90,0
458c6fa920810ce2492da71bc26d9eec,SP,2,2,1,756.76,10,1
458d868c9642f55f18f04e951a3fdde6,RS,2,2,1,2718.0,152,1
45a3d05fb00435e52a28859dd03703b3,SP,1,1,1,1299.0,330,1
45c20d94d9171b0bcfab3c955e47d67b,SP,4,4,4,129.46,123,1
45d33f715e24d15a6ccf5c17b3a23e3c,SP,50,52,28,4139.529999999999,2,0
46dc3b2cc0980fb8ec44634e21d2718e,RJ,429,448,159,104647.13000000076,17,0
46ef1a25845fc051c2998d878354810c,MG,1,1,1,56.06,109,0
4736e9d642ef4257cd7622516931eb51,SP,4,6,4,418.95000000000005,2,0
478bfe564db21eeb44386606aa30b650,MG,3,3,3,182.70000000000002,4,1
47f55702f598c7c6cc8458b0fbc1c49a,MG,1,1,1,75.0,107,1
48162d548f5b1b11b9d29d1e01f75a61,SP,46,62,31,14266.389999999998,45,0
4830e40640734fc1c52cd21127c341d4,SP,46,50,23,2137.77,2,0
48328ec9a579151d9cc6a86d4a59336c,RS,1,1,1,1099.0,103,1
48436dade18ac8b2bce089ec2a041202,SP,123,136,22,10845.39999999997,52,0
4869f7a5dfa277a7dca6462dcf3b52b2,SP,407,418,34,90524.02999999981,0,0
48985c61529077fa4f1e38bcff0f2ed3,RS,7,7,2,879.3,152,1
48bad451945f5227341793478d6353ea,SP,3,3,2,307.0,5,1
48efc9d94a9834137efd9ea76b065a38,PR,32,33,17,334.69999999999993,339,1
48fb026ed7455a42f5d3e9390ed5088e,RJ,9,9,9,489.73,124,1
49067458c68f7701fd334ce326accbe0,MG,2,4,4,115.8,34,0
4917cee8d902e13428c3ec4b1ca6f315,SC,22,22,7,3307.0,36,0
491a5ada3aa1678414e990262c4bbdc1,SP,1,1,1,1420.0,270,1
4992e76a42cb3aad7a7047e0d3d7e729,SP,26,34,16,967.4999999999997,26,0
49e7217cfe4e427191c378ec626d8737,MG,4,5,4,522.5,19,0
4a3ca9315b744ce9f8e9374361493884,SP,1096,1212,282,125040.96999999812,2,0
4a3ccda38b2129705f3fb522db62ca31,SP,32,38,24,5497.589999999998,10,0
4a82c4af97ffc0fb2dc26bfdc03b1842,MG,3,3,3,143.7,136,1
4aba391bc3b88717ce08eb11e44937b2,BA,17,18,16,5121.879999999999,7,0
4b1eaadf791bdbbad8c4a35b65236d52,SP,4,4,3,927.6,288,1
4b39558c138930b9e5489c93b6df5fe3,SE,3,4,2,735.9,31,0
4b5f66b7adcf57f1ecc0d3c07dd6b177,PR,21,36,8,6099.779999999998,17,0
4b9750c8ad28220fe6702d4ecb7c898f,SP,22,22,12,1637.8500000000004,12,0
4b98b0428fc1932cc2514ef9ce2505e6,SP,2,2,2,327.63,45,1
4ba52dfeba874da5b9ee7b17c7494f04,SP,11,11,11,1463.0,69,1
4bf2f4ee540798a61f9636d12cd9cc80,SP,25,26,17,4370.5599999999995,1,0
4bf658053d453036c70976bccb2c31b2,SP,2,2,2,1742.99,227,1
4c03b9dd4c11ee2cb35c96c49efc9420,SP,48,48,5,6458.5999999999985,82,1
4c2b230173bb36f9b240f2b8ac11786e,SP,151,208,14,7953.469999999969,3,0
4c498c7345e89aebad651544829beca0,SP,3,3,2,179.70000000000002,1,0
4c60877808f4318ef1107fbeb8f89afa,SP,1,1,1,48.0,29,0
4c8b8048e33af2bf94f2eb547746a916,SP,9,10,9,636.64,20,0
4cf490a58259286ada5ba8525ba9e84a,SP,7,7,6,1075.3,36,1
4d600e08ecbe08258c79e536c5a42fee,PR,5,5,5,2534.0,291,1
4d6d651bd7684af3fffabd5f08d12e5a,SP,130,143,39,12533.39999999997,3,0
4da0e408c99d2fdc2126dc9fce518060,PR,27,32,21,1787.0000000000007,11,0
4dbd95a08b31ede5c82d3f861cb1ce1a,PR,4,4,4,370.78000000000003,48,1
4ddeb3e828550cddc8d45c8bc36ab2d1,SP,1,1,1,152.0,291,1
4e06067cc08b3f41d837768d392c3ee3,MG,13,16,11,344.89000000000004,30,0
4e0d109ccfba9a1151c103049880c857,RJ,1,1,1,99.35,37,0
4e17c65a516f69d023a2ae78b84f28d6,SP,27,32,22,3499.4900000000007,15,0
4e42581f08e8cfc7c090f930bac4552a,SP,1,2,1,98.0,33,1
4e6015589b781adaa5ce7f1892d06bb1,SP,2,2,1,456.0,64,0
4e7c18b98d84e05cbae3ff0ff03846c2,SP,60,66,27,6626.999999999999,11,0
4e85b538b0dad58852641540686d0e14,SP,2,2,2,24.29,42,0
4e8dacf3d38f281ae26c3e0321d92d88,SP,8,9,4,2055.46,292,1
4e922959ae960d389249c378d1c939f5,SP,260,282,93,22005.15000000001,1,0
4ea2f12dbe91deeacd2c1e74f069a6e6,SP,3,4,3,157.2,40,0
4ebdc7e6cd6102a022dadc49156d4ea8,SP,19,21,17,680.6999999999999,25,0
4fb41dff7c50136976d1a5cf004a42e2,BA,2,2,2,950.0,20,0
5011f0d93373a4c5753adf58ca77af8d,SP,7,13,2,409.6,21,0
503c1de08ae81a2d86f17951b204db55,SP,14,14,2,3112.99,26,0
5058e8c1e82653974541e83690655b4a,SP,19,20,14,2361.79,6,0
5075aaa8404020ae6aa8bf4792099b41,MG,9,11,5,1508.92,25,0
50770d25768b0486d89be26afca3108f,SP,1,1,1,30.0,19,0
50c9975695009e5e6473912e83a6d1da,MG,34,49,27,2931.3500000000004,16,0
5151aea44289d6c6b090ee31c2132508,SP,7,7,1,1315.3000000000002,313,1
515d781150feed28a6ac091bb0e3cb8c,MS,5,5,2,789.95,234,1
5160d23075764e18e07c1f4a87fad743,SP,33,38,29,2359.0,26,1
51702dc2a3e106c76dbff722b5bf0726,SP,12,13,8,2535.2000000000003,8,0
51a04a8a6bdcb23deccc82b0b80742cf,SP,1,1,1,167.99,47,1
51e0557bc7b86de13e946c60ee91ce39,MG,1,1,1,45.8,231,1
51ed72984a04e5dd35c2b27e77179038,SP,6,6,4,1084.4,11,0
52092ddbd3a58c450a4459bf051b2287,SP,4,4,3,163.8,12,0
520b493b57809f446cb0a233bb3e25c7,SP,63,73,28,3698.9,12,1
522620dcb18a6b31cd7bdf73665113a9,PR,75,78,21,22153.730000000007,37,0
5236605f4d4b0b3e4df85b850393fca0,SP,3,3,2,186.1,29,0
52562a9f449c3dc3d53f5f5b9ed74903,RN,9,9,2,2814.1000000000004,8,0
525e75a6fb1454a2325ab1734bcec221,SP,9,10,3,607.1699999999998,90,1
527801b552d0077ffd170872eb49683b,SP,27,28,14,2541.200000000001,3,0
528bcf6680c36dddf07620bd35b33a6f,SP,2,2,2,969.98,73,1
528ce32f560edd11add4169f6a5b65be,SP,2,2,2,59.8,164,1
52ac6f920b7280e4c6d30dd94de6259b,PR,3,4,3,2777.6,250,0
52b53f7061969fe471d119b6195da864,SP,1,1,1,90.0,123,1
52d76513f0c4d97f3b99570e2c94ee31,RS,5,5,2,609.86,12,0
52f6f9f13ba19504c02781132a049e75,PR,1,1,1,199.0,278,1
52f976b17ea7f2f087f56dcc419328f6,PR,2,2,2,2600.0,36,0
52f9db5cfb423382a2fa5c9e39303202,SP,2,2,2,119.98,51,0
530ec6109d11eaaf87999465c6afee01,PR,16,18,16,2161.2000000000007,88,0
53243585a1d6dc2643021fd1853d8905,BA,238,258,20,177557.30999999974,0,0
53336f97ddbe53e2a617d07b17447b95,SP,1,1,1,599.5,87,1
5343d0649eca2a983820bfe93fc4d17e,SP,1,1,1,69.9,13,0
534a01cc6df1e034e05c32028a291fa2,SP,5,5,4,235.59,68,1
537eb890efff034a88679788b647c564,RJ,55,58,23,1862.200000000002,18,0
538caafddff204241cecbf3a02e6b3cf,SP,6,6,3,94.5,32,0
53b0300ca793f9834cd69c0678d35ee8,SP,2,3,2,476.84999999999997,19,0
53e4c6e0f4312d4d2107a8c9cddf45cd,SP,229,266,107,15228.889999999981,2,0
54065e9aef7e9e9c2dc23b7594db021a,RJ,12,12,10,7079.0,167,1
54219883e72aad869adfb2a54b7bfa0f,SP,2,2,2,2700.0,5,0
542917da124346b47ea1ac79a93ce454,PR,20,20,13,1303.9,145,1
54965bbe3e4f07ae045b90b0b8541f52,PR,46,54,37,7192.199999999997,34,0
54a1852d1b8f10312c55e906355666ee,SP,82,84,29,6953.729999999989,0,0
54aa8463e87776b5612f4bdc4bd5d4de,MG,6,6,3,379.4,312,1
5563732abe64c3036cb97ad924128dd1,SP,2,3,3,404.0,11,1
5566627eab3fe93fd6ee08798226101a,PR,4,4,3,60.599999999999994,124,0
557f22c76691849db52d2abccf0015d0,GO,12,13,4,799.87,109,1
55a5b51f93f2b70ea513f5a047b0262a,MG,39,41,5,4002.299999999998,86,1
55c96925041a14097b6a7825554f4ad5,SP,5,6,5,170.0,48,1
55d3daac7c404d59e51c2aa2f4dc5a23,SP,10,14,6,2351.9,12,0
562f8cfc51f265411f487d07e9c40e7f,MG,7,7,3,417.52,18,0
5656537e588803a555b8eb41f07a944b,DF,43,52,19,2847.79,0,0
5659d77e8d90378e39b960ad5956f64e,SP,1,1,1,83.48,109,0
56642bcb79900e777d68e91915cb4267,SP,29,31,7,2112.0,13,0
56db5c0782e8f7ddc9343f9576ff6d16,SC,1,1,1,174.9,334,1
56f413900b5166ab4d730e9ac0b12cb0,SP,3,3,2,151.79,172,1
570d4583587a5fe2d47c7be89b91ad27,SP,2,2,2,125.25,179,1
5721089ba9214e80074f27d5a03fc0eb,SP,3,5,2,115.94999999999999,44,0
575df70bde3f9f2b30bf8d2e9910d725,SP,20,22,12,3665.7500000000005,10,0
578fa3a9cb6b6dceab39231ad59cdaca,CE,1,1,1,90.0,106,0
579891617139df7d8671d373f0669622,RJ,5,5,4,157.5,9,0
57c764b4a836300be881e2ff86e449f9,SP,17,18,10,923.1999999999997,14,0
57e632711dec9ec14ca7546769483e7e,SC,38,39,11,3879.300000000001,8,0
57fe6232e67823593374a2281d7a8af8,SP,8,8,7,178.68,30,1
582d4f8675b945722eda7c0cb61ba4c7,SP,37,46,16,2705.1599999999994,26,0
585175ec331ea177fa47199e39a6170a,MG,1,1,1,3549.0,312,1
586a871d4f1221763fddb6ceefdeb95e,RS,1,2,1,198.0,337,1
5882820ef11c4c068eea0677a7a879b4,RS,7,7,4,3945.7000000000003,33,0
58e4b302b54937e55a678c4d15111da4,PR,1,1,1,49.9,338,1
59417c56835dd8e2e72f91f809cd4092,SP,18,18,9,36459.0,90,1
5962468f885ea01a1b6a97a218797b0a,PR,6,6,4,674.0,72,1
59b22a78efb79a4797979612b885db36,MG,54,59,37,9630.5,10,0
59cd88080b93f3c18508673122d26169,SP,10,12,10,392.33,22,1
59de1d4c8c057c2a53acd4ca66531af2,PR,1,1,1,135.0,51,1
59fb871bf6f4522a87ba567b42dafecf,SP,104,106,21,17879.939999999995,0,0
5a8e7d5003a1f221f9e1d6e411de7c23,SP,82,103,48,6279.699999999991,19,0
5a93f3ab0ef4c84ed5e1b5dbf23978bc,SP,24,27,7,1388.0700000000004,19,0
5ab05b6d86d417796c69ffd6774ec832,SP,5,6,2,847.5999999999999,36,0
5abb8ea023c77787f2c15da891c8d384,SC,13,13,5,2241.0,29,1
5acd070dd3fe441bbb2ec1f1ede515ee,SP,4,5,3,113.67999999999998,20,0
5b179e9e8cc7ab6fd113a46ca584da81,SP,30,30,9,4554.1,109,1
5b33b527da3c5b969cc99dc435cad09a,PR,15,16,6,1848.7900000000002,80,1
5b35136197710e16ac5e7b7c2bd4ea85,RJ,5,6,4,1289.4,4,0
5b51032eddd242adc84c38acab88f23d,MG,3,4,3,736.0,24,0
5b581417df4480f632484ba681e53944,SC,8,8,8,1074.6999999999998,16,0
5b664594895aefb418afaee6d40a9a23,RJ,8,13,2,505.6999999999999,45,0
5b67882648febfb6e1225e6ad7164f6b,PR,14,16,13,3225.61,19,0
5b8154610ebb21fb90eb587365e673df,SP,14,14,8,2538.8999999999996,0,0
5b925e1d006e9476d738aa200751b73b,SP,26,26,6,3674.0,13,0
5b92bfa4120daa27c574daa2e386c693,SP,1,1,1,14.0,314,1
5b97c06a046398e7005b2b7c0d707a92,MG,3,3,1,1139.97,156,1
5bc237df65098fe211bb4818f4d26d78,MG,2,2,2,126.80000000000001,103,1
5bffbafbb22daf6d3bfc216a46db8708,RJ,21,23,8,5239.699999999997,189,1
5c243662ce92d84573bfaff24c3e3700,SP,96,98,23,32645.220000000052,30,0
5c6d4016c2a288f074fa0848a2b653d2,SP,10,10,5,703.8,0,0
5c853bb56f70f4d14218944bae111d7a,SP,5,6,5,46.8,232,0
5cbbd5a299cab112b7bf23862255e43e,PR,11,12,7,635.8000000000001,26,0
5cf13accae3222c70a9cac40818ae839,MG,50,53,20,4608.7,3,0
5cf1ec37aea089f45110c70653a166ab,SP,2,2,1,35.0,18,1
5d0363b33554b373851fc1622e4d5f3c,SP,12,12,10,792.1999999999999,2,0
5d043cd5512d4bd2f88e5ccdd5736c38,SP,1,1,1,650.0,295,1
5d378b73ab7dd6f0418d743e5dcb0bd1,SP,6,6,3,11254.0,47,1
5d3bb11474a06bdc23fb9e89f1164ee0,SP,14,14,8,2078.2,2,0
5d505d2298ad549e4e4e835562fa0c1e,SP,2,2,1,249.8,274,1
5d9dc90a686a8fddacffab6bab5653a3,SP,4,4,2,239.96999999999997,20,0
5dceca129747e92ff8ef7a997dc4f8ca,SP,238,257,35,56506.71000000017,2,0
5debea795b07621e1f90532e18f96145,PR,11,16,10,474.34999999999985,11,0
5e106d93b717c2682b9383da480364a1,PR,1,1,1,445.9,255,1
5e49e3a44bdeb5aab2684258bbd4f525,SC,1,1,1,169.0,17,0
5ee7fd217d08dfe5d3e2f51f96a12c9a,SP,5,5,4,608.9,26,0
5eeb9c756d9780b96283e5a2ac6da334,SP,3,3,3,983.0,38,0
5f0057b677eb963672bf05dfa3f16c34,SP,2,2,2,56.89,332,1
5f06030071324cc52bf0304014ac7234,SP,4,4,1,783.96,127,1
5f1dc28029d2c244352a68107ec2b542,SP,40,49,30,2041.1000000000013,10,0
5f2684dab12e59f83bef73ae57724e45,SP,46,50,20,6604.9999999999945,2,0
5f5b43b2bffa8656e4bc6efeb13cc649,SP,7,7,7,763.9,9,0
5f7300535881cef3b625fd683cf7d145,RS,1,1,1,29.9,77,0
5fd924b4836098a5be0ecf81ba054ce0,SP,6,7,7,1013.8,305,1
602044f2c16190c2c6e45eb35c2e21cb,SP,15,16,11,1049.89,24,0
6039e27294dc75811c0d8a39069f52c0,SP,25,26,10,5267.4,4,0
60562ab00b8054280520d390c8c0045c,SP,4,4,4,608.0,4,0
612a743d294c27884fb7b80d2b19ba35,PR,1,2,1,57.8,340,1
615005a3ef192c00c6f0e977cee3d2bc,SP,10,11,2,286.5,4,1
6179a28a13a726c29b3bf54c070dccab,MG,1,1,1,300.0,178,1
6187a137b2af59dfdbad8d9f8c373c14,SP,1,1,1,34.9,30,0
620c87c171fb2a6dd6e8bb4dec959fc6,RJ,338,361,69,59525.100000000355,1,0
6219ba2359cfb97f2e38fd4c321eb309,SP,3,3,2,147.8,81,0
624f4ece8da4aafb77699233d480f8ef,SP,22,23,8,4137.0,5,0
62760d278921b5f352461620d68a9cee,SP,3,3,2,397.0,317,1
6288c69c4ce638e59925e59193f98b16,SP,10,10,3,2765.8999999999996,65,0
62c50c1af4dfdc4149d25c5222043d39,SP,10,15,4,2045.8500000000001,252,1
63272377184e969942f7fff221be858d,SP,2,2,2,149.7,227,1
6338ea67c41078a46ad99cc009654956,RS,28,32,18,1823.01,12,0
633ecdf879b94b5337cca303328e4a25,SP,6,6,2,1037.6000000000001,100,1
634964b17796e64304cadf1ad3050fb7,RJ,25,26,1,2808.0,3,0
638cba8be1fb599bbb76fd6948351eb3,SP,16,22,10,535.4,94,1
63b464dbf392c7b80d12d932fa7cafed,SP,35,37,17,6433.0,25,0
63b9ae557efed31d1f7687917d248a8d,SP,4,6,5,129.5,320,1
63ffcb71394dd8ea3872ed9ffda17c74,RJ,17,17,5,398.99999999999994,154,1
6426d21aca402a131fc0a5d0960a3c90,SP,23,23,9,1209.64,88,1
643214e62b870443ccbe55ab29a4dccf,SP,17,17,13,1217.3799999999999,10,0
6481e96574816ead57975da2c0f6d80d,SP,1,2,1,241.8,2,0
6560211a19b47992c3666cc44a7e94c0,SP,835,928,198,53806.899999999994,0,0
6562efe88ce0826a4ca4f189f03b4b84,PR,7,14,5,716.5999999999998,74,0
656591be56071d4c9ef4e5fee78a578a,SP,7,11,3,1702.0,238,1
659e8466eb3ff1b0e8740d74fb7bbedd,BA,5,7,5,880.8,29,0
65a7c0788e4d632ccb5e1b594b87f0bb,SP,3,9,6,266.70000000000005,9,1
65b081a070633e057c462abdd6fb9dd8,GO,8,8,8,967.55,5,0
65c255b299faf2d12050937cc219c46c,SP,2,2,1,88.2,120,1
6601ee6383e7f452be71929f8de48bbb,SP,2,2,2,153.6,52,1
6614814a00d344b846ae209f95ee7e3f,SP,1,1,1,13.0,206,1
6624bc09786f0e41ae48dfc5eeb1a9e2,MG,1,1,1,89.54,301,1
6650fcccd8cd2f7e55ffa524f30c4c59,SP,2,2,2,339.8,86,1
66922902710d126a0e7d26b0e3805106,MG,62,64,14,5926.8,10,0
669ae81880e08f269a64487cfb287169,SC,102,113,9,8711.199999999997,5,0
66dc1b1632bd6a3e508510c5b3492107,SP,11,14,8,910.4899999999999,31,0
66e0557ecc2b4dbea057e93f215f68d8,SP,23,23,16,9327.0,12,0
66fd84ee7528c0c0de85d0f44a73d5ab,RS,11,21,9,1438.1100000000001,151,1
670a9dda115b5a88b18cfadee8de2332,SP,4,4,4,339.6,30,0
670c26e0f1bf8d0576271d5cfaec6d2b,PR,13,17,6,1560.1000000000001,7,0
67225bff54a172ff67579aaf583efd78,PA,6,6,5,1000.0,27,0
6750d71153f00fc58829af2a8ef1bcf1,RJ,6,6,6,3514.0,145,1
679769a98cfcc6da877c8486ff1c13f3,MG,13,13,2,4387.0,48,0
67bf6941ba2f1fa1d02c375766bc3e53,PR,3,3,1,822.0,18,0
6806dad1da97bfb5a9038eac6881f706,PR,1,1,1,99.0,3,0
681fce914360217db47784ae28905a96,PR,3,3,3,845.9,37,0
685b870da5b52a710782c9c0fefbeb5b,SP,1,1,1,590.0,19,0
6860153b69cc696d5dcfe1cdaaafcf62,SP,3,6,3,238.71,31,0
6861de0f40cacb0602e473c51639f980,PR,1,1,1,499.0,43,0
68f86ba270525243e68ae74044f992b9,RJ,3,4,3,255.0,2,0
6902157ee16728322d61a1321fa79e58,SP,2,2,1,159.8,85,1
695051e2981c8b19e77cafe450d5bdf3,SP,1,1,1,169.76,23,1
6989574bd97d9773f10d232b6c07da59,PR,6,6,4,2158.5,32,1
69a43819c758c65a5befb0b471c954d7,PR,2,3,3,299.85,106,1
6a0cbc8af2e8abd1bdfb777943d174c6,SP,22,22,5,2476.1,12,0
6a51fc556dab5f766ced6fbc860bc613,SP,17,22,13,4900.289999999999,33,0
6a8b085f816a1f75f92dbac6eb545f8f,SP,46,49,36,2266.5800000000017,4,0
6b15924333bd1a741595fe981ea04822,SP,21,21,5,614.3199999999998,179,1
6b243f80ed07b10f0e8aa0f21a205f3c,PR,23,25,17,1850.5000000000007,3,0
6b2612338467c08c9b25f0cc55b1578d,PR,1,1,1,92.9,322,1
6b536a23086fba0d58c08d68814397f6,RJ,5,6,3,394.0,13,0
6b9b80d53ba3676eafe60268a810b5a1,SP,9,9,3,783.7,125,1
6bb0724edf0b62fb91ac404873a97241,SP,11,12,7,2549.0,11,0
6bbcb8924baf70b7fe2fe2097e8cd407,SC,4,4,2,1344.0,18,0
6bcb2352a2a0c38b845f598298ab9d26,PR,1,1,1,15.9,198,1
6bd69102ab48df500790a8cecfc285c2,SP,3,3,3,5560.0,41,0
6c12e40690c335dbc2f68a4134d30dc1,PR,11,13,9,7504.499999999999,13,0
6c177e38df6d3f34182b1f1d427231bf,PR,42,42,15,6509.99,37,0
6c1b6d0c604b776f844125f911eb7377,SP,4,4,3,327.07,309,1
6c7d50c24b3ccd2fd83b44d8bb34e073,SP,77,86,11,5282.7300000000005,5,0
6c9875b2f94ba781186f0c1aed8d1687,SP,2,4,2,25.0,140,1
6cd68b3ed6d59aaa9fece558ad360c0a,MG,116,122,41,8863.07999999998,1,0
6cf476a4ca74498db55cbccdaa9dcfb6,SP,4,5,3,124.94999999999999,264,1
6d04126aba80df143fd038e711b8fd96,RJ,1,1,1,89.99,114,1
6d1b9c9579132c87d2703ec38c30f2c5,PR,4,4,3,299.69000000000005,183,1
6d22a1fcebb6dd08c9cd90b92a93e8d0,SC,8,8,5,341.2,23,0
6d2f2e3b539480db1e0842b3a4e32e6e,SP,3,6,2,305.96,192,1
6d66611d7c44cc30ce351abc49a68421,SP,71,75,36,6463.499999999992,8,0
6d7f8d9d594e28796b6b3205b00f459c,PR,3,3,2,417.9,170,1
6d803cb79cc31c41c4c789a75933b3c7,SP,24,26,14,3142.1000000000013,9,0
6d988d6174a2c27441597174f8905515,PR,3,7,3,71.44,48,0
6da1992f915d77be95d7fa48b36904af,SP,7,9,1,261.0,150,1
6dc9bec584588412a6a338830946a3e4,SP,1,1,1,280.0,317,1
6dd7dce75cd55c1ce255dc38d9f0cd46,SC,1,1,1,75.0,14,1
6df688df543f90e9b38f4319e75a9d88,MG,39,55,23,1891.7600000000014,39,1
6e0908ef4d4efadbc3cc2b74ea477cb0,RJ,8,11,5,589.45,121,1
6e864f5c4669eff3d98140a07cc50202,SP,7,7,4,541.14,40,0
6ec1a01e866584bb679eb9b098345919,SP,17,17,9,1632.51,21,0
6edacfd9f9074789dad6d62ba7950b9c,SP,145,152,102,9317.799999999974,3,0
6ee85be3693ed79a8e80718743d80655,SP,5,5,1,147.5,252,1
6f1a1263039c76e68f40a8e536b1da6a,SP,1,4,1,139.84,104,0
6f229cc508fc6915ed5c499efd93baa4,RJ,1,1,1,139.9,142,0
6f892e20a171e98efe17fdb971ff319b,SP,41,50,5,6048.999999999996,27,1
6fc26fe110feebd80a433e1f012a84f9,SP,21,49,11,2901.8899999999985,38,0
6fd52c528dcb38be2eea044946b811f8,SP,33,42,28,3573.89,1,0
7008613ea464bad5cb9b83456e1e6a8f,SC,81,105,14,5538.699999999999,4,0
700f03c207639c22d933381ff60b35c2,SP,3,3,2,809.88,32,1
701938c450705b8ae65fc923b70f35c7,SP,65,101,9,10779.58999999999,13,0
702835e4b785b67a084280efca355756,MG,1,1,1,7.6,320,1
7040e82f899a04d1b434b795a43b4617,SP,88,92,39,4673.799999999998,5,0
70849ca4f400aaabb62cb7462a6f1428,MG,3,3,2,254.96999999999997,15,0
709e16e2b25c7474d980076c6bfc4806,SP,13,14,10,833.8999999999999,11,0
70a12e78e608ac31179aea7f8422044b,SP,220,229,85,17007.03000000001,1,0
70b52a4cfc823994561b00bad161b4ed,SP,1,1,1,58.5,313,0
70c4eedec9cb4a85cda2f3f9673557b4,SP,1,1,1,239.9,209,1
70ee69419916dc13e3aed619061f996c,SP,1,1,1,45.0,146,1
70eea00b476a314817cefde4aad4f89a,SP,44,47,18,14044.499999999998,2,0
70f84699be677ec988d1fa824aef7d90,MG,2,2,2,509.79999999999995,102,0
71039d19d4303bf9054d69e9a9236699,SP,19,20,16,2289.000000000001,4,0
710e3548e02bc1d2831dfc4f1b5b14d4,PR,62,65,24,11512.539999999988,16,0
71271995e85f5b8530be99ed54a91b89,RS,1,1,1,97.0,38,0
712e6ed8aa4aa1fa65dab41fed5737e4,SC,51,58,16,25608.0,7,0
7142540dd4c91e2237acb7e911c4eba2,SP,151,159,141,15543.749999999964,10,0
715bbd5ba4e6b74cb0d2f29eb45058b0,SP,13,14,8,707.9999999999999,24,0
7178e1eaa97257d8b6d4b80efd77a025,SP,1,1,1,167.9,117,1
7178f9f4dd81dcef02f62acdf8151e01,SC,131,142,46,22002.50000000002,11,0
718539d38d07dd351c76db862760e2e2,SP,34,42,13,1253.0200000000002,103,0
71dc18fd8cbf5fd77f45dd8b427abb34,PR,4,9,1,1080.0,16,1
7202e2ba20579a9bd1acb29e61fe71f6,SP,17,17,10,5233.3,15,0
720e6cf846ea7572cbb66b743fb91e6c,SP,1,1,1,54.0,288,1
725af026f869236a8dd0ceb98564d156,MG,2,2,2,313.03000000000003,30,0
725c32fa80c2faacc4fc88450d27314e,SP,69,72,24,6063.3299999999945,16,0
7299e27ed73d2ad986de7f7c77d919fa,MG,206,223,50,15933.609999999975,3,0
729b2d09b2a0bdab221076327f13d050,SP,4,4,3,101.9,32,0
729f06993dac8e860d4f02d7088ca48a,SP,49,57,14,10149.479999999989,12,0
72bc2cce903c872fe376a8faaa81d237,SP,11,12,4,1774.7000000000003,26,0
72c73be2b085b9d57650dd53eb2004c9,SP,1,1,1,29.4,160,1
7315baebc0572ff220d226283dc66728,SP,2,2,2,49.849999999999994,186,1
731ef20c231d9a7103a425e83fd91271,SC,2,3,1,1692.0,64,1
73a63f72308aa20a46f4b1632018f196,PR,13,17,6,3191.5499999999997,12,0
73da1880b39c71de2b262bc7720c1494,SP,1,1,1,199.0,156,0
740205fedfe4e90ca6857bc77db0f2b4,SP,1,1,1,229.9,317,1
744dac408745240a2c2528fb1b6028f3,PR,49,50,49,12955.0,2,0
747c1cdcd1737dcfbd1547f6eb6f2cf3,SP,1,1,1,105.1,103,0
749e7cdabbaf72f16677859e27874ba5,SP,1,1,1,41.9,119,1
74a9b9bddf14ece02beb81f52c41a88d,SP,1,1,1,35.0,34,0
74bafed391319577bce6f4d2acc0589a,SP,2,2,2,948.0,65,0
74c7dec0a384d8a05950e629bd23bde9,SP,4,4,2,97.78,91,1
750303a20e9c56b2a6bc45cdce0b897d,GO,8,10,7,2305.1,2,0
751bdc4d83a466c7206cd42e8f426b03,SP,24,32,20,3293.5899999999974,15,0
75745ef7bc7d4f3ea3380f6f5303f514,DF,3,3,3,228.4,268,1
7586919161935337bf6b6d7ff5779648,RJ,6,8,4,873.51,151,0
75a4764c108403a7a0575140cb22287c,RS,1,2,1,218.36,19,0
75d34ebb1bd0bd7dde40dd507b8169c3,BA,53,63,13,12031.36999999999,23,0
75fbb52eda0cbc24f479d3b2fbfa8d3e,GO,29,31,27,721.9899999999997,34,0
75fdd0a732287f9497b179f6bd445d32,SP,1,1,1,59.9,103,1
762ed976527cddf02787edba70fffa2a,PR,3,4,3,179.8,19,1
76623fde66e6b63b59440fd34160512d,SP,2,2,2,35.9,6,0
76833248bbc0e65a0293ec62023e4396,SP,2,2,2,2399.98,43,1
768de2a4fc06aacecb9a586ccc30746a,DF,5,5,2,164.5,31,0
76c47a299e4a8fe992316a85865acbe9,SP,3,5,3,684.46,42,0
76d336555bb25f3165d2f0d6da719c40,SP,1,1,1,165.0,331,1
76d5af76d0271110f9af36c92573f765,SP,75,93,54,21735.510000000002,2,0
76d64c4aca3a7baf218bf93ef7fa768d,PR,27,27,12,7410.899999999997,3,0
76de363de16dacc923eec8daf91df504,SC,1,1,1,110.0,99,0
77128dec4bec4878c37ab7d6169d6f26,SP,1,1,1,6.5,291,1
7722b1df1b0e383e000397b2c11e3e19,SP,95,101,54,4674.4299999999985,1,0
77530e9772f57a62c906e1c21538ab82,PR,137,178,94,20102.000000000007,4,0
7813ea3ebd9411dc600b4dd01f7a97b9,SP,7,7,7,1091.9,33,0
781a66c0d89e30814d49fe8b5e14cd07,SP,1,1,1,115.0,46,1
782f78b632a43875dd5b53e3e49c9564,SP,1,2,1,97.34,195,1
784ba75dd9d20200c4caed3d7a77141a,SP,19,22,11,8142.329999999995,10,1
78744a20ee2f80ba64f6804c25def2b8,PE,3,3,2,1597.0,34,0
78a4d36f65a019172c6154468831a69f,SP,7,7,1,1545.5000000000002,23,1
78ba5933c21686d1c2f64669c8c459e7,SP,2,2,2,191.8,229,1
78c99c6dff4eeae5be99bf635ed21e3f,SP,31,39,15,2030.880000000001,135,1
78ef7e885d17f35e2382a47aae8b8cce,RS,3,3,3,388.0,156,1
7901646fdd36a55f564ffaf2dbccaaf7,RJ,11,13,4,8900.080000000002,94,0
791cfcfe22fe4a771ece27f90017da92,SP,1,1,1,298.13,200,1
79565f7d5603b24ddf07ade262547f2f,SP,7,7,5,346.0,221,1
7957cac1a02f45d0a4a7e45626382ec2,PR,1,1,1,343.0,114,1
7963e546f34e098b578f9ad102494601,SP,1,1,1,60.99,54,1
7994081388d55b9cf976c050653dd359,SP,1,1,1,120.0,325,1
79b93a308a97792cf53ac75f46da00b5,RJ,1,1,1,99.9,161,1
79ebd9a61bac3eaf882805ed4ecfa12a,PR,27,31,29,1578.9900000000005,2,0
79ed755314cfe6df0daef2c6cd3022cd,SP,21,22,10,3507.800000000001,49,1
7a241947449cc45dbfda4f9d0798d9d0,MG,30,31,13,3197.659999999999,26,0
7a2d2949aea47fab95fd98d6c9f618b1,PR,7,7,4,902.0,18,0
7a425d299613df3e613bcf9d2eaf5c49,RJ,4,4,4,280.7,17,0
7a67c85e85bb2ce8582c35f2203ad736,SP,781,786,102,95907.14000000097,1,0
7a91bf945c6fae0779f1c61ce97fe45c,RJ,4,4,3,634.6,93,1
7a9c12e235c36247c3c81f50d6ea9cea,SP,5,5,5,983.9000000000001,241,1
7aa4334be125fcdd2ba64b3180029f14,SP,214,237,39,16012.949999999963,18,1
7ab0dd5487bab2dc835337b244f689fb,SP,1,1,1,12.5,270,1
7b07b3c7487f0ea825fc6df75abd658b,SP,61,63,42,5946.110000000001,10,0
7b0df942f46435babab05d49b744b2c4,SP,26,26,12,19074.1,11,0
7b1222c3624aa89b9558b50a2594188c,SP,17,17,9,8329.019999999999,13,0
7b3447b497e55af8c15fc7bd89d7b81a,SP,1,1,1,49.9,44,1
7b3f6ce5c6c22e9b96e7581ebf0df6e1,SP,1,1,1,29.8,22,1
7bac63f6603d382cc8d0832eb6c100a8,SP,3,3,3,1272.97,26,0
7bcd7c5f8631701474db233ccf1c094b,SP,8,8,4,419.0,126,1
7c1fea10b5b006671d608b1d7c446ec4,SP,6,6,5,139.4,2,0
7c4402417d51474d4d0cda9557340e40,SP,1,1,1,119.9,236,1
7c4618c82226628831613e95e9c22f44,SP,1,1,1,29.99,17,0
7c67e1448b00f6e969d365cea6b010ab,SP,495,653,151,94807.02000000079,17,0
7cb946b1ad19faebe28c3e86c2794ec3,MG,1,1,1,25.0,45,1
7d456afc660226829370f3173d14520c,SP,8,12,5,1437.3500000000001,15,0
7d76b645482be4a332374e8223836592,SP,91,98,62,2119.070000000002,16,0
7d948535954aaf8c5d39db007f74372e,SP,3,3,2,145.0,118,0
7dc8c42cc750eeafea6c85712ffee9bf,SP,19,25,6,3716.8999999999987,26,0
7ddcbb64b5bc1ef36ca8c151f6ec77df,SP,232,241,17,36678.59000000009,0,0
7e1fb0a3ebfb01ffb3a7dae98bf3238d,SP,67,77,15,11778.529999999999,3,0
7e26c750b4cb9f6766f58265ff9ebe95,MG,23,27,2,1344.2999999999997,79,1
7e3f87d16fb353f408d467e74fbd8014,SP,29,29,10,1138.55,2,0
7e79d65b5c6f1f544b7daea036acf720,SP,4,4,2,517.8,67,1
7e93a43ef30c4f03f38b393420bc753a,SP,268,270,153,149971.73000000016,2,0
7ea5bfa6c340f58f8e71fc1f0412b0d6,MG,17,17,2,2079.83,0,0
7ecd59e5e20407131822c1a68ac59c1f,DF,4,4,2,219.96,0,0
7ecef8194babfec876ca720714327841,SP,1,1,1,129.9,77,0
7f02656561b680def9986c0795a8a080,SP,1,1,1,42.0,131,1
7f152321c60a266edc53af1925ef96c1,SC,3,3,1,749.97,0,0
7f2617c58d5d06806987308b45654351,SP,13,13,2,2127.8,30,0
7fe21dd00d2f4943ae09525efa2fd674,RJ,2,2,2,169.8,182,1
800214c63934acd05d47e84214db8ba8,SC,3,3,3,199.70000000000002,230,1
804287717b9156fb7a787acd9af4fac1,PR,1,1,1,18.8,207,1
8090490573c6c0aa343a7231ebcb8c86,SP,4,4,3,504.9,33,0
809413606dbfe5deefd2db646693ef67,SP,1,2,2,89.4,54,0
80cfd480be3eb6d6267139f5cb793555,SP,1,1,1,99.9,296,1
80e6699fe29150b372a0c8a1ebf7dcc8,PR,74,74,28,8666.379999999994,5,0
8132b9bd16876e1b0f8808d43825dd48,SC,1,1,1,77.9,240,1
813348c996469b40f2e028d5429d3495,SP,147,167,4,9391.929999999973,4,0
81336a0f57a33776419727a300249e90,SP,7,9,7,906.98,27,0
8160255418d5aaa7dbdc9f4c64ebda44,SP,110,141,29,16145.999999999965,0,0
817245bcc3badd82bbd222e0366951a6,SP,4,12,1,1078.8,24,0
817f85dbb65aa3e70831d90fe75cdf89,SP,5,5,4,778.87,291,1
818d28f936e791926d33bcb6ee94ef79,SP,4,4,4,111.6,220,1
81a1104df0f08b59c68aa5b03cfe398e,PR,31,31,13,3758.9900000000016,12,0
81ed90f07c0bacb7594940ba2ef676aa,MG,2,2,2,223.9,50,1
820c7c9eaf76d2b226b6c242bcf3f34d,SP,1,1,1,559.0,333,1
820cc752a266cdc6c1a1e61dd4583330,PR,12,12,3,2268.8,26,0
822166ed1e47908f7cfb49946d03c726,RJ,44,68,22,2383.4399999999996,2,0
822b63912576852aea9a8436d72317b7,SP,3,4,2,615.96,341,1
822bad9bc42b51213ba522fe87b7ab5d,SC,3,3,2,987.0,36,0
827f8f69dfa529c561901c4f2e0f332f,PR,85,98,59,3218.9900000000052,11,0
82bd0703a4aefd6b599e5bfdaed378fb,SP,16,17,12,2104.7900000000004,134,1
82e0a475a88cc9595229d8029273f045,SP,37,73,35,9765.059999999989,18,0
83353a83fd769dfafa4f21a72b15e3e5,SP,5,5,5,579.5,13,1
834f3294fba9f932f56edc879193f925,SP,59,59,2,35330.0,23,0
834f8533b2ecb6598dd004ff3de7203a,SP,20,22,12,2018.2600000000004,0,0
835f0f7810c76831d6c7d24c7a646d4d,SP,38,43,18,4640.7,11,0
83645b1645cdee8953ee54c29ceed564,PR,10,10,9,695.1999999999999,42,0
8378eb36b6b70c5734e83ad7b8cdc3b7,SC,1,2,1,190.0,11,0
83b08de96980757220871b31bf6cffca,RJ,3,5,3,1212.5800000000002,44,0
83deb69e889cf80f82be1dc6d5f2d486,SC,12,14,7,1556.7,0,0
83e197e95a1bbabc8c75e883ed016c47,RJ,45,53,19,6456.689999999997,4,0
8444e55c1f13cd5c179851e5ca5ebd00,MG,68,70,38,15369.109999999997,3,0
84c945f15571830c1a91a33978e94009,SP,2,2,1,51.98,231,1
84deb808079d1be601c209c1e771b1cc,PR,2,2,2,34.93,31,1
850f4f8af5ea87287ac68de36e29107f,SP,125,129,30,29402.980000000047,2,0
855668e0971d4dfd7bef1b6a4133b41b,SP,182,190,51,19034.58,2,0
8581055ce74af1daba164fdbd55a40de,SP,266,305,29,45173.19000000006,3,0
85d9eb9ddc5d00ca9336a2219c97bb13,MG,280,288,46,8455.099999999955,9,0
85e7c62c1d6ea078c3897424f867a7c8,SC,1,1,1,30.0,4,0
8602a61d680a10a82cceeeda0d99ea3d,SP,5,6,4,230.0,60,0
8603f0038fe0e52fedd3382d266723de,SC,9,9,8,2188.0,89,0
863d2ebcd347ce4922de7a0f9a5581d6,RJ,8,8,4,504.12999999999994,11,0
8648b1e89e9b349e32d3741b30ec737e,SP,15,21,15,952.05,11,0
866558b3bccef2dbc6d29a2b5995016f,PR,2,3,2,259.70000000000005,18,0
86bb7c4b535e49a541baf3266b1c95b1,SP,8,8,2,3829.2000000000003,4,0
86ccac0b835037332a596a33b6949ee1,SC,148,166,60,12556.959999999983,19,0
870d0118f7a9d85960f29ad89d5d989a,MG,32,44,16,1983.940000000001,4,0
87142160b41353c4e5fca2360caf6f92,RS,201,218,44,20687.800000000025,1,0
8759e7aedd644f487315e5860962f162,SP,3,3,1,627.0,4,1
876182d1918783bbe15233febfbd4926,SP,2,2,2,85.29,227,0
87b740daf17b5d1be335a64164ec6842,SP,8,8,5,8799.92,1,0
87d30a6a0cbf89356e49324971ab1d24,SP,3,3,3,221.8,1,0
883dd81e82754ac2c65e9790a7db8c9a,PR,2,2,2,119.8,49,0
88460e8ebdecbfecb5f9601833981930,PR,15,19,5,5133.0999999999985,5,0
888faa8bfb0b159c37de6d898b961c31,SC,8,11,4,553.5,76,0
889009a0ed0bb52c87819941192931b8,SP,1,1,1,89.9,212,1
891071be6ba827b591264c90c2ae8a63,SP,40,41,18,1562.7300000000002,33,0
8931a84a914b3fe9b1ddaa4d704947ca,SP,18,20,10,2302.4000000000005,18,0
8936ba0de1073ee888cb3185ae5dc661,SP,1,1,1,389.99,268,1
897060da8b9a21f655304d50fd935913,SP,179,234,67,14726.63999999996,17,0
89bc797e2e29667aa035d4368f9b7f92,SP,12,14,8,243.90000000000003,263,1
89c127985a8b130cfa45c1d36764017a,SP,5,5,5,1239.7700000000002,3,0
8a130737016f838139d31878787a39c9,SP,4,4,1,217.6,13,0
8a207b6080964f3c1fc9d35bd6096ba4,SP,2,3,2,553.7,57,1
8a2d12a90e92f012ce5226fc6592b653,PR,1,1,1,29.9,7,0
8a32e327fe2c1b3511609d81aaf9f042,SP,122,164,48,5995.1699999999755,14,0
8a40ae794fa3f9892cee24bd5af0488b,PR,4,4,3,219.96,45,0
8a87611c08849ffeeccab52aa798b6c7,PR,6,6,4,587.9000000000001,324,1
8ab42aa58097fd4668d60cc648225d5f,GO,7,8,6,712.95,13,0
8ae520247981aa06bc94abddf5f46d34,SC,14,14,12,4643.99,12,0
8b2492b7ff4468839593fafeed55bad9,RJ,8,12,5,923.26,2,0
8b28d096634035667e8263d57ba3368c,SP,95,98,32,6210.079999999995,2,0
8b321bb669392f5163d04c59e235e066,SP,156,172,50,3213.0000000000064,0,0
8b87cd0d43d49b9bdf40f56229364d59,SP,2,2,2,729.0,54,1
8b8cfc8305aa441e4239358c9f6f2485,PR,13,13,5,10114.0,26,0
8bb48dc19fccaa8613b6229bf7f452a2,SP,21,23,17,938.5000000000001,10,0
8bd0e3abda539b9479c4b44a691be1ec,RS,5,7,5,304.25,50,0
8bd0f31cf0a614c658f6763bd02dea69,SP,21,22,6,2065.82,12,0
8c16d1f32a54d92897cc437244442e1b,SC,52,59,17,2717.490000000001,21,0
8c351ed7c326c62123318f4f3246e906,SP,1,1,1,55.0,3,1
8c3b533c63cca56240f94f1e3a6b18ef,MG,3,5,2,1849.5,229,1
8c91bfea4263b8fba54081460693e2a1,RS,2,2,2,739.0,314,1
8ca5b19e0263150d2c57afdde2b3d011,SP,3,4,2,180.60000000000002,37,1
8cbac7e12637ed9cffa18c7875207478,SC,39,50,16,2110.9900000000002,9,0
8cc6a0e5738e61a87b03c78b2ba9db4b,MG,23,24,13,13272.699999999995,246,1
8ccf3cf69651cc1d8a02c8bfaf3b8568,SP,2,2,1,250.0,234,1
8cf21434553b02cbd37c0bbd07e041b0,SC,1,1,1,49.99,37,1
8d46553a36e68f95350a200c12f8f2e2,SP,8,10,5,160.00000000000003,71,0
8d79c8a04e42d722a75097ce5cbcf2ef,CE,25,26,3,2477.9200000000005,91,0
8d92f3ea807b89465643c219455e7369,SP,3,8,3,121.20000000000003,303,1
8d956fec2e4337affcb520f56fd8cbfd,SP,6,8,4,357.92,5,0
8e2b3afb420011ef0c88c9d5f11ea526,SP,1,1,1,140.9,48,0
8e670472e453ba34a379331513d6aab1,MG,1,1,1,975.0,116,1
8e6cc767478edae941d9bd9eb778d77a,MG,94,102,55,5223.999999999996,36,0
8e6d7754bc7e0f22c96d255ebda59eba,SP,1,1,1,235.92,1,0
8e8a7ce9f2f970dc00e2acf6f6e199f6,RJ,3,3,2,403.0,1,0
8ea394aed8138685abe1eb9f25e1021d,SP,1,1,1,670.0,1,0
8eb88b0acb3f90a717ad659221471fa7,SC,1,1,1,59.9,101,0
8ec76bb0965af3f007692b26fa9d6623,SC,1,1,1,1999.0,43,1
8f0fbe2cd4d472157dc1cdef6edecaa9,SP,2,2,2,71.88,111,1
8f119a0aee85c0c8fc534629734e94fd,SP,49,50,15,2529.3900000000017,22,0
8f2b51a30523cdecddc2f179f351c7d6,SP,7,8,4,1027.9,182,1
8f2ce03f928b567e3d56181ae20ae952,SP,47,50,36,5900.099999999996,8,0
8f54d64f28a993550aa7943f12572959,MG,4,5,4,595.5,24,0
8f580d36c1e9d6fbce95283403c7d447,SP,1,1,1,625.6,13,0
8f78f0903005064036736c7173a5c2ed,MG,8,13,8,1504.5,5,0
8fdca8e349553f99bc738833a62c8802,SP,21,28,4,881.3500000000001,144,1
8fe8786ee000001ab51d030dfd4a7bf1,SC,1,1,1,439.0,41,0
8ff1a9df749e454105c55cda13e79143,SP,6,6,3,439.4,26,0
8ff38bc3969e67c36c48343a07090f66,SP,2,8,1,3472.0,93,1
900ba814c251a692506d7834c1218441,SP,32,32,7,10568.289999999999,20,0
901b460cdce0c64e471230d7f2f9f3a3,RS,2,2,2,798.0,14,0
903037660cf848a717166eb7a06d616e,SP,17,22,14,1716.0200000000004,30,0
91543f9849d68d023e17194926598543,SC,3,5,5,765.0,42,0
916748bc99315c2d202898ae58b1617e,SP,25,32,5,369.39999999999986,36,1
916c9de0b5ad957346eeeb12f332687e,PR,5,5,3,1070.0,16,0
918717417d88a9f9ae9735567e6c7682,SP,1,1,1,119.9,12,0
918f6fbcf3ab724d805867303e593a1b,SP,2,3,2,79.69999999999999,304,1
9198786624eaeb375793215cad26cfa6,SC,3,4,3,303.6,263,0
91f0eec23d4a61d7d7caeefa3f0ad1ca,SC,4,4,2,796.9,3,0
91f5779a8731baca4809fdeade81803f,RJ,2,2,2,149.5,39,0
91f848e9f4be368f4318775aac733370,SP,60,70,10,5668.609999999993,152,1
9200e6ce317b67196b6b0bad4d4bd567,RJ,1,1,1,36.9,278,1
921323538c9f1c4e816f2720eac02bea,SP,1,1,1,23.99,36,0
92c8bc6e8f925792247656fed09aad65,SP,2,2,2,134.8,111,1
92d14edfb62ee5ae7fdff70b0f4e7233,SP,4,9,3,162.0,33,0
92eb0f42c21942b6552362b9b114707d,SP,170,178,25,3339.4599999999955,61,0
933446e9a59dece7ae9175103820ca8f,PR,1,1,1,64.99,340,1
934ed5cd1b9c1c7382d0a94a94b9e639,PR,1,1,1,125.85,323,1
93b9a99027bd8bd6af682aff18dd19bf,SP,9,10,8,760.0,12,0
93bef6edaa84956e8e575016449b6351,SP,1,1,1,115.0,156,1
93dc87703c046b603023e75222018b45,MG,8,8,7,1357.35,15,0
94144541854e298c2d976cb893b81343,RS,61,69,23,16735.98,14,0
941554c5757b73ba0e50aa7732310afc,SP,3,4,2,107.69,214,1
9449f25aeaf531019b76999ea49a6949,RJ,8,8,7,1739.5600000000002,92,0
9485a23c0430ba1d58d359391606fce6,SP,4,4,4,830.9,3,1
94b9108d4b637ba65bb4f1e53cfcf8d8,SP,2,2,1,7.7,63,0
94c49f20a123aeb9360dbf80ff912bf6,SP,3,3,2,277.75,208,1
94ca168e8bcb407ab85c5da308863027,SP,1,1,1,38.9,40,0
94e93ce877be27a515118dbfd2c2be41,SP,29,34,18,5436.58,109,1
9535a841eecebed61a9fb1ac1cbb5597,SP,2,2,2,784.9,322,1
9539213aa8e023c01937bef95dc006da,SP,1,1,1,19.9,32,0
954e95f20808d7e5d11f0de292d078e0,MG,3,4,2,158.78,35,1
9558aa23f77a9e0a0eca83540999f43b,PR,1,1,1,39.0,243,1
955fee9216a65b617aa5c0531780ce60,SP,178,219,29,17480.849999999995,0,0
9596c870880d900012f2e8e6e30d06d7,MG,6,6,2,4039.6000000000004,18,0
95b293867b5862941c9cd74f756a3c68,SP,1,1,1,108.9,34,0
95e03ca3d4146e4011985981aeb959b9,RJ,113,124,35,8093.799999999987,3,0
95f83f51203c626648c875dd41874c7f,MG,8,22,6,459.1500000000001,2,0
9616352088dcf83a7c06637f4ebf1c80,PR,80,86,5,5025.999999999998,4,0
961dff0a659b4561334372337dd897d9,RJ,3,3,3,7297.0,208,1
9646c3513289980f17226a2fc4720dbd,SP,60,67,21,2749.5000000000023,24,0
96493fab2fbb13a14d0c0e8772eef5c3,SP,43,44,38,12556.0,11,0
9674754b5a0cb32b638cec001178f799,SP,51,55,27,2537.710000000002,3,0
96804ea39d96eb908e7c3afdb671bb9e,MG,26,28,4,2708.5999999999995,1,0
968ee78631915a63fef426d6733d7422,RS,2,2,1,450.0,32,1
972d0f9cf61b499a4812cf0bfa3ad3c4,SC,19,23,9,1990.4600000000005,3,0
973f21788dfab357250f69a8dcb7ddee,MG,4,10,6,408.0,87,0
974cf2cb8f4b7add98709c30df02fe10,SP,4,4,2,336.96,12,0
977f9f63dd360c2a32ece2f93ad6d306,SP,4,4,4,439.40000000000003,0,0
97e995629983723d11830a829bc2b246,SP,1,1,1,154.9,52,0
984c273121e743dd14767befe6cb17f5,SP,1,1,1,259.6,36,1
9853a239ab7b7ebbdc3a21248d5b8e1f,PR,4,4,4,242.0,33,1
989becdce12ebc39863c2bceab6f3ca1,PR,3,3,2,1475.0,31,0
98dac6635aee4995d501a3972e047414,SP,44,92,30,2324.9,8,0
98e164d549402270247f3c96a1a158ef,SP,2,2,2,162.7,134,1
98f52e1020fe788c10c0418de4393fec,RJ,1,1,1,21.6,144,1
99002261c568a84cce14d43fcffb43ea,MT,2,2,2,210.0,53,0
994f04b3718c2bab35c2adfa8afecd2a,SP,16,23,11,1278.7,5,0
9996ae921c50e8dff411ac69c0b4bb8b,SP,2,3,3,29.700000000000003,68,1
999f6d9a1c7c81f43be44c6b7d076210,SP,2,2,1,28.0,301,1
99eaacc9e6046db1c82b163c5f84869f,SP,61,65,16,12153.279999999999,4,0
9a84ba99f5367fdbd4598363496f1ea2,GO,12,12,2,763.4999999999999,48,0
9add47bf45ce8e8c7db6b9cf670b1e09,PR,26,28,9,2618.9500000000003,74,0
9b00cad94ef3078faf6fba2e792c158f,MG,1,1,1,354.9,11,1
9b00ed88b7fdb95d6ff76e27c1b52d16,SP,25,28,15,808.2,5,0
9b013e03b2ab786505a1d3b5c0756754,SP,33,44,14,1659.8900000000003,2,0
9b1ab052f5fca308ba743ac789ebb2e1,PR,2,2,2,294.09000000000003,238,1
9b522ba7eae9e1d04082f267144583cc,SP,2,3,2,1358.8,32,0
9baf5cb77970f539089d09a38bcec5c3,SP,17,18,12,3412.819999999999,32,0
9bc484c87d79cd4874e05ca182658045,SP,2,2,2,439.5,34,0
9bcdfa7b615b3abb9461d9e3ad9886ae,SC,11,12,8,1332.27,36,0
9bf11dfc0bec77e5a23028043c3c5a8f,MG,1,1,1,115.0,36,1
9c068d10aca38e85c50202e17b4a7e88,MS,8,8,7,1374.6000000000001,37,0
9c0e69c7bf2619675bbadf47b43f655a,SP,106,141,55,25299.690000000035,43,0
9c3c24eca51c52b91c1de727d2a2ae06,RS,4,4,3,207.7,19,0
9c57bc60cfad5ee62d35d3f1ce4593a1,PR,1,1,1,180.0,244,1
9c690ceacd5c66731bf443ea810195cb,MG,1,1,1,99.9,129,0
9cea4682e16655f7da87f406902e989e,PR,2,2,2,35.43,202,0
9d39404483343dd55c7ae254494d8388,SP,3,3,2,93.9,28,0
9d489893ff6af05029671b785f54b998,SP,1,2,1,79.8,191,1
9d4db00d65d7760644ac0c14edb5fd86,SP,1,1,1,109.99,6,0
9d5604a1f112324ad6b2aa552122e0fb,SP,2,2,1,79.0,26,0
9d5a9018aee56acb367ba9c3f05d1d6a,GO,62,74,21,9322.349999999995,23,0
9d7a1d34a5052409006425275ba1c2b4,SP,4,7,4,739.58,10,0
9da1ca0bef29ee170e541927a5aeabdc,SP,6,6,2,1484.4,97,1
9dd59e43f0c9f0553244e8f9c2fb247e,PR,7,7,6,257.8,5,0
9dda5bbacd45e18d6485fee649205d09,MG,13,14,11,1036.2,12,0
9de4643a8dbde634fe55621059d92273,SC,62,70,5,15027.449999999988,8,0
9df5750209b83567ec144eb299d7d634,RS,4,4,4,1364.0,14,0
9e25199f6ef7e7c347120ff175652c3b,SP,1,1,1,12.5,279,1
9e6229250fedbe05838fef417b74e7fb,SP,2,2,1,359.8,9,0
9e94fa26a70ede4d26226e918e8706a2,SP,1,1,1,62.8,149,1
9e9b539eb2806acee3f5c28085c1db9f,MG,3,3,3,967.0,24,1
9ed65337433adfbedefd23dd76eaa494,SP,1,1,1,285.0,12,0
9ef932e837d8b7f392c0bfee9d359dc2,SP,1,1,1,59.9,41,1
9f505651f4a6abe901a56cdc21508025,SP,50,55,27,3220.6199999999953,4,0
9fbd5666d8618fa571c4230fafa09bd6,SP,1,1,1,79.9,123,1
9fc70243fb26800cba56e8f014797004,MG,2,2,1,149.8,16,0
9fe7c6641c79970ab48185498f547c09,SP,1,1,1,130.0,172,1
a00824eb9093d40e589b940ec45c4eb0,SP,2,2,1,5999.98,82,0
a0415d9b25ede3c4b1e477e9916ffc03,RJ,7,7,5,1549.3000000000002,48,0
a066df7361163e7ddc5d7452dd17448b,SP,3,3,1,179.7,3,0
a08692680c77d30a0b4280da5df01c5a,SP,5,14,4,2103.0,27,0
a09a13f18ed27932d08438aa6f12756e,RS,1,1,1,29.9,64,1
a1043bafd471dff536d0c462352beb48,MG,290,315,6,39844.170000000064,1,0
a13580f0e8f782b7a543885a0ef99f08,RJ,9,9,4,1204.91,3,0
a1474fd46fd3430168f7ec202da39408,SP,12,14,8,2752.5,70,1
a1544b9ea0b2390e020537d4daa89049,SP,5,5,3,509.5,18,0
a154d7316f158bb42e6fa18bbe3afd3a,SP,2,2,1,139.8,296,1
a17f621c590ea0fab3d5d883e1630ec6,SP,55,66,31,2186.9199999999983,12,0
a20d8058c866dbaeca014d2cd20ac62e,SP,1,1,1,597.0,10,0
a23266650e7c84bb93fbbba502137478,RS,11,16,8,1512.4000000000003,2,1
a2a41aedb70551d4a85aa04dc2fced48,SP,2,2,1,52.79,26,1
a2b911e9ad40dc7d61c142a4683e2d85,RJ,1,1,1,85.9,235,1
a2e874074c877c5a05abae80ad6e488f,SP,21,22,13,3223.8900000000003,5,0
a2fa0bdc798ee84cdb08281337cf4fb6,SC,7,10,5,336.66,89,0
a3082f442524a1be452e3189e003b361,SP,1,1,1,59.9,174,0
a35124e2d763d7ca3fbe3b97d143200f,SP,4,7,2,411.5,237,1
a353b1083c9863d756d9404695016d64,ES,1,1,1,120.0,24,1
a35ef466c6fd6d052f5d241240d3c5e2,RS,3,3,3,569.9,92,1
a369d693961cb93b61ca2cc518872a85,SP,3,6,4,857.0,23,0
a36ac007a4d18f865c8d32c3b2402c2d,SP,8,8,3,1229.7900000000002,116,1
a36b125ac6d5fdbc7f50de85c9157bdc,SP,16,18,6,949.8200000000002,33,0
a37c340b91cb0169e8b029db6440fba2,SP,5,5,1,345.0,108,1
a3a38f4affed601eb87a97788c949667,SC,205,214,92,21363.870000000043,12,0
a3b0df0065e264a91b7bbf5f844af5cd,SP,2,2,2,186.69,99,1
a3dd39f583bc80bd8c5901c95878921e,BA,30,32,3,4259.210000000001,25,0
a3e9a2c700480d9bb01fba070ba80a0e,SP,56,67,38,5534.9,2,0
a3f0b55de503387383c7b1de3ad7f678,PR,2,2,1,379.8,82,0
a416b6a846a11724393025641d4edd5e,SP,82,97,57,13489.48,12,0
a420f60ff1aa9acc80d0e42959f2b313,SP,12,12,7,1452.0,17,0
a425f92c199eb576938df686728acd20,PR,7,8,8,396.5,0,0
a435b009cd956ea60748b5cfbddf2e24,SP,3,3,2,361.18,158,1
a44fb5a447105f8469bdf16bf9159f25,RS,3,3,1,297.0,23,0
a45765f8afb1e594b22bf9e974b46765,SP,1,1,1,79.99,297,1
a478c7961d6a992065b24e63b366f90b,SC,7,8,4,1082.5,186,0
a49928bcdf77c55c6d6e05e09a9b4ca5,SP,81,87,3,7280.39999999999,2,0
a4b6b9b992b46e9ef863637af96e04bc,SC,5,7,4,4914.0,183,1
a4bd6e9adf39b63f43dc545d3ca1f53d,RJ,3,3,3,1548.79,202,0
a513150f33f99a06569e9cd5c4bb889b,SP,2,2,2,677.0,26,1
a5259c149128e82c9d6d46e0c1c812bb,RO,5,5,4,1007.46,17,0
a5bff0f43eb51f0cad7c37fac7244c8a,SP,4,5,2,445.0,95,1
a5cba26a62b8b4d0145b68b841e62e7f,PR,8,9,8,2257.84,29,0
a5dd1946fb63ada8bcaa0c9cd8f11e22,PE,3,3,3,134.18,33,0
a673821011d0cec28146ea42f5ab767f,SP,62,69,22,6313.219999999993,12,0
a67780aba9dd436e7ac0aa1f889e73ec,SP,2,2,2,343.8,33,0
a6bd7d1ccdac48c6b33b28596b7eb122,PB,8,8,8,8064.5,26,0
a6fe7de3d16f6149ffe280349a8535a0,SP,22,23,8,1307.7000000000003,3,0
a70e9066dbfd10b6b97a3f54a1356762,PR,2,4,2,1716.0,41,1
a7b7354cc588f7566a848bcbb1ce3d96,SP,2,2,1,79.8,282,1
a7c53f6b3b61adbdaa99dda97e8cbd56,SP,1,1,1,99.0,300,1
a7c88262832dfc683781d6a421edefae,SP,4,4,4,1111.0,204,0
a7f13822ceb966b076af67121f87b063,SP,68,79,29,11406.799999999985,240,1
a81466620e46a6970b22ef40379fdfc9,SC,2,2,1,321.8,79,1
a888faf2d1baececa6baf9c3d603ee1f,PR,48,49,19,16315.299999999988,15,0
a89e143d5211473ae18db9577ee34b64,SP,1,1,1,70.0,210,1
a90a5da8b09e44264a177c0374a5ac87,PR,3,3,2,74.7,298,1
a938325a4b357fd23a6a4d5bb126408e,RJ,10,11,9,1519.0,3,0
a99504ac23ed125aaf5302af6cc30af9,SP,1,1,1,978.0,77,1
a9ae440659f48b7849df83e82734150b,SP,1,1,1,285.0,79,1
a9b533a26e898b12e8b8d4c07279bf4d,RJ,4,4,1,119.6,23,1
aa17b35ce4de7b565be3249ba838944f,SP,2,2,1,79.8,121,1
aa1eb17b9fdf6dfd546e25c45c7b9235,SP,1,1,1,27.99,30,0
aac29b1b99776be73c3049939652091d,MG,64,80,9,5031.679999999997,2,0
aadfe0417e61315688b6bd7043361e25,GO,1,1,1,289.9,150,1
aae3bfea055532c57fb453ed3ec80b30,SP,45,47,5,2819.939999999999,33,0
aae5953b9edddf14749c0d65d60eb4b9,MG,2,2,2,173.0,74,1
aaed1309374718fdd995ee4c58c9dfcd,SC,87,94,42,7460.349999999991,6,0
aafe36600ce604f205b86b5084d3d767,SC,77,78,24,5877.599999999993,3,0
ab27bbbad5239bc31a34709275a70db4,SP,1,4,1,143.6,61,1
ab3e0c171fe84a7ba7de130f19cfb485,PR,4,4,2,343.65999999999997,123,0
ab75b89cc49c9ab3160d0c91565a442a,SP,1,1,1,18.99,179,1
ab9db4cf53b08b828b64dccaafc2d9f0,RS,2,2,1,51.98,200,0
aba1721a889e04decc910aa13b768ef4,SP,42,44,38,6732.0,5,0
abc015ebac1d283a323ca9db35ede4b9,SP,12,13,8,1106.8,22,1
abcd2cb37d46c2c8fb1bf071c859fc5b,MT,15,16,12,1367.5400000000002,12,0
abe021b01ba992245271b9aa422032df,PR,2,2,2,6720.0,235,1
abe42c5d03695b4257b5c6cbf4e6784e,RJ,15,15,11,5811.0,4,0
ac3508719a1d8f5b7614b798f70af136,RS,70,70,30,9129.639999999992,0,0
ac6417315ae5da8f9a38ee11de6f7780,SP,5,5,4,592.4,9,0
acadd4d36859671cb635527c6c977533,SP,1,1,1,46.0,15,0
acb6c2ca5c82411c1fdb88d5fd5eb95e,SP,5,5,1,260.5,296,0
aced59e9b31ef866a94f9e7f29d8d418,SP,40,46,14,4281.800000000001,4,0
acf974e4d5950ad143a247471b831eb9,RS,5,12,3,423.80000000000007,62,1
ad14615bdd492b01b0d97922e87cb87f,SC,1,1,1,8.25,324,1
ad273c9eb54ecb4532de4bf75bae9e4e,PR,6,7,5,337.0,32,0
ad420dd0c4f92f8af951ac24b86d0cf5,MG,17,19,13,1294.87,33,0
ad781527c93d00d89a11eecd9dcad7c1,SP,26,26,2,4079.739999999998,36,0
ad87df7699e83b8a91822a4a0b765c3a,SP,5,6,5,309.9,187,1
ad8b531ae67582f096925cff5630d0d1,PR,2,2,2,198.45000000000002,37,1
ad97a199236354e53fcd91a5a913e9a2,SC,6,6,3,3705.0,9,0
adbc26658d6c7b4b6219f9d934598091,PR,40,42,7,5685.0,4,0
adbe70ab2c97442046d393988c8d1d27,SP,5,5,2,289.5,80,1
adcf50477d6a1f5d91bb9d54c4903cb5,MG,14,29,11,786.9500000000003,183,0
ae45ad30c2d2e5913094769690a239d2,SP,1,2,1,251.8,23,1
ae8bfdbf1c2a2a2dee92d799db0a31c6,PR,8,8,6,339.92,230,1
af4a0e4cfe1d9c26b6712b1be25a72e5,MG,10,13,8,4680.15,30,0
afa6714acee029b2dfdf357e5579cc03,SP,8,8,5,1562.93,28,0
afe0067131b73e40875c9b6c10bd2e21,MG,42,42,7,4695.8,5,0
b026643914f651e8371425e5b8a1e780,RJ,1,1,1,27.9,176,1
b05b432bf68945d4d9783f9e3ca29ee8,SP,2,2,2,224.8,109,1
b080809eaacb49e5ca07290981472431,MG,5,5,4,206.0,14,0
b0b346d3a89f5eb4c2968af3f083cd43,SP,3,3,2,145.0,28,0
b1204cfda1d4948679db3cfc0d3cb95c,SP,4,4,2,176.7,160,0
b127efdabeffb5d559349c7b172eb75d,SP,10,10,10,308.5,228,1
b12cfd255810394b60caef18ae163547,PR,2,2,1,560.0,37,1
b14db04aa7881970e83ffa9426897925,SP,51,71,11,3971.9000000000005,15,0
b17b679f4f5ce2e03ce6968c62648246,SP,27,27,18,1799.3400000000004,9,0
b18dc380845b24038cfc48006478f099,SP,2,2,2,217.0,55,0
b19f3ca2ea475913750f25a5c37c8d8f,MG,2,2,2,338.8,64,0
b1aaae6b66ad3c40f54b389d7ea4bee0,SP,15,17,15,1176.5,221,1
b1ac6ea7895bc3dd6f0f6f4abbdd2821,RS,38,38,3,2962.0,16,1
b1b3948701c5c72445495bd161b83a4c,SP,14,14,2,21519.500000000007,143,1
b1fc4f64df5a0e8b6913ab38803c57a9,RJ,44,54,5,3397.919999999999,3,0
b1fecf4da1fa2689bccffa0121953643,MS,17,18,8,3357.8400000000006,218,1
b2a6d334e2833acea353624840e25a0e,SP,13,14,3,827.18,36,0
b2ac621f0d0322434d04a12b078b9369,PR,10,10,6,3642.8,34,0
b2ba3715d723d245138f291a6fe42594,SP,210,224,106,32151.690000000122,2,0
b2eecf5ea250510da76590ca79d60e5d,SP,9,11,5,1060.0,50,1
b2f4d63c7203f539a78252565ca32257,RJ,1,1,1,14.9,113,1
b32be1695eb7ec5f10f72d9610a12527,RS,8,8,4,5478.0,6,0
b335c59ab742f751a85db9c411a86739,MG,28,29,18,2360.310000000001,19,1
b33e7c55446eabf8fe1a42d037ac7d6d,SP,80,82,15,21495.250000000007,1,0
b347677812ea483b0f528eaf8cbc09b7,PR,4,4,2,1295.0,19,0
b372ee768ed69e46ca8cdbd267aa7a38,SP,33,36,16,6265.0,10,0
b37c4c02bda3161a7546a4e6d222d5b2,SP,2,9,2,13615.0,90,0
b39d7fe263ef469605dbb32608aee0af,SP,3,3,3,389.70000000000005,14,0
b3e2faf2c1004d674f16a3aa3197f0e1,SP,3,3,3,61.47,234,1
b3f19518fcec265b2e97af287725f981,SP,8,8,4,444.92,130,1
b416191c9813d821a295cfabafff4161,SP,2,2,1,117.8,137,1
b45d7ebfb7378630f1bcd74b6ff86ff7,MG,3,3,1,899.6999999999999,87,1
b499c00f28f4b7069ff6550af8c1348a,SP,47,58,34,3007.4199999999964,5,0
b4a476fbd28de64b1e347abf9089366a,SP,26,31,10,3673.04,30,0
b4ffb71f0cb1b1c3d63fad021ecf93e1,SP,65,81,56,3063.5299999999997,5,0
b55638ad525e906c698fa2ce742c1742,SC,3,4,2,221.8,40,0
b56828a9f9027f3c918c04ca720d9e3c,SP,1,1,1,120.0,89,0
b56906f7fd1696e043f1bcce164c487b,SP,17,17,7,899.05,12,0
b5abf4f36adc043117b4fca82c22984c,DF,3,4,3,561.6,23,0
b5e3e38609125694d2ea2417522a60b7,SC,16,17,10,995.0400000000001,103,1
b6d44737c043328708f6749c2dbe50bd,SP,21,27,12,1969.2000000000003,52,0
b6dc74ed30f124f95227bed4e43a3bed,PR,9,10,6,387.55999999999995,26,1
b6e1504972665f739dec4facb9943775,SP,9,9,6,947.0799999999998,34,0
b76a1f8356322f12529c37b67d5c96c2,SP,1,1,1,114.9,12,0
b76dba6c951ab00dc4edf0a1aa88037e,SP,109,116,23,1528.080000000002,11,0
b77a27b1864483e721dc831d5ba4afa0,RJ,1,1,1,20.9,276,1
b7cc6c5e001441ae8cdd5c69a480cbe4,SC,5,5,4,452.8,37,1
b7d5b4b87af9d42b601865d3f3810bff,SC,1,1,1,350.0,239,1
b7e1750c1157341d2abd0251e07c186b,SP,3,4,4,159.6,255,1
b7ed9fb14c8eadb37adb9c45d67ab0fb,SP,6,10,5,501.1,10,1
b83cedfb587e7911540e3f576d6917ce,SP,20,21,14,1856.99,26,0
b8555308bfdb4ca1ed54325a58da9a97,SP,2,3,1,284.70000000000005,3,0
b8630e1121437d41cb08e3c749c2c2e2,RJ,1,1,1,2399.0,36,0
b88e7c57cb2d8b973b7dd4a2bfa14b36,PR,4,4,3,353.9,30,1
b8bc237ba3788b23da09c0f1f3a3288c,SC,14,14,1,3806.9299999999994,1,0
b8d890108a7a80e4f5d59eea9f362438,PR,2,3,2,89.69999999999999,73,1
b90e891671cffd9557f33a97dc523645,PR,6,6,5,796.0,15,0
b92e3c8f9738272ff7c59e111e108d7c,MG,37,40,24,4640.090000000001,6,0
b94cc9f10ddc85e4ba73a6f7974e7101,RJ,23,23,6,14047.699999999995,37,0
b98b715fe9e276204e2a3464f48cd796,SP,3,3,1,239.70000000000002,311,0
b9a03475e6447e631b6799ec8274800f,PR,5,5,5,622.6,20,0
b9c0ffa92f3ff9a5a3d45ef7213c0842,SP,3,3,2,490.0,15,1
ba6b68b55fe8704377a7d43c8e5c0185,MG,5,5,3,739.77,211,1
baa49d93c8c8841e27400a300f5d74b2,SC,6,6,3,246.4,209,1
bab0a8cd684e41ba6e2637dca0979d3b,RJ,1,1,1,269.9,131,1
bacb1f0ed56ad24198f5810d2b3fe9a5,SP,37,37,20,5898.149999999998,28,0
baeda7047354773262ba2405f97038ba,SP,1,1,1,35.0,92,1
baf15155e37ef5492731459bdc05be8a,SP,1,1,1,47.0,290,1
bafc5aa11e413978be29040f51342e70,MG,5,5,4,1069.77,2,0
bb135baca94c82fcb731335ad5b04a03,SP,11,27,10,536.4,17,0
bb3dca718920a4d7ec3cc9ffb025108b,SP,2,3,2,108.0,319,1
bb5bd94c8f59cc050072d2930c869cac,SP,12,12,8,1918.9800000000005,16,0
bb7a14e229b1c95156719c3d9552eeee,RJ,8,8,4,2435.4,10,0
bba3293d6f5d5af2f415e004e8b93ae3,SP,4,4,2,3189.0,76,0
bba74270a87732727b5a3b4fd9ac1c39,MG,17,18,14,3628.819999999999,14,0
bbad7e518d7af88a0897397ffdca1979,SP,30,35,9,2244.4200000000014,9,0
bbaff50f3b708fda865918715276cd87,SP,8,8,5,204.1,39,0
bbf9ad41dca6603e614efcdad7aab8c4,CE,6,6,1,3594.0,137,0
bc2ac6b95e1accce9858528ee566c17e,SP,5,7,4,521.0,58,0
bc302730ea8cf49b5c74f579febb5bbf,SP,2,2,1,1478.99,96,0
bc503e244f187939d10c92a5c8e378ce,SP,5,12,2,380.55,118,0
bccf933e006e9b94a6184af782963e77,SP,23,23,13,1847.2400000000007,18,0
bcd2d7510d58e293f20fad6438c1b314,PR,1,1,1,23.9,325,1
bd0389da23d89b726abf911cccc54596,DF,32,35,26,2719.590000000001,2,0
bd149ed516d4c5d418d5781f8e18919f,SP,4,5,1,189.5,34,1
bd1d49a326abfa9b1036772e40445430,SP,2,2,2,143.3,14,0
bd23da7354813347129d751591d1a6e2,SP,61,62,9,6337.9999999999945,1,0
bd4889b5e9133b35b66e42a8665cea5c,SP,14,20,7,2135.0,14,0
bd4ff04377f974574f7f0bf9d6ce7dde,SP,1,1,1,34.99,314,1
bd65d163ded559eb90a10cd09fec178f,SP,1,2,2,19.8,132,1
bd697db56ff8e7c9cd1abeb7f72029b2,SP,10,10,10,1199.9,18,0
bdb3edbaee43a761e2d4f258dc08f348,SP,5,5,3,259.5,13,1
be1e9e378700cecaa4ebf71433d7915c,SP,1,1,1,69.9,42,0
be8e909810184b9b19e886129149d8e5,SP,6,6,2,244.94000000000003,7,0
be9a160a9011f627c3e121d076c1ec7b,SC,5,5,5,2055.0,62,1
bede56095ba33c42038fb85f707b8a42,SP,2,2,2,3973.9,14,1
bee36b4f9a2b9fdcaff6ec05df202ed0,SP,1,1,1,16.9,319,1
bf0045791395e66460eb04749c68672a,SP,2,2,1,119.8,291,1
bf100ecb7997df312b285358fb32f92c,PR,19,20,8,1962.0000000000007,117,0
bf3c6d2a28b2b5501e6c15448982dcc9,SP,33,36,8,3750.8000000000015,11,0
bf961104a38e01b9062ee026bb657dee,SP,4,4,1,585.56,323,1
bfd27a966d91cfaafdb25d076585f0da,SP,72,72,39,9829.0,8,0
bfd938b22bc99bce1ae60dc602889f52,RJ,4,6,3,623.4,270,1
c003204e1ab016dfa150abc119207b24,SP,22,24,7,2881.6900000000014,2,0
c0098efcf800861dcae589affca31408,SP,1,1,1,176.8,25,0
c03121937e54a93fcc1825c3098bbb6e,PR,3,3,1,447.0,132,0
c04d70d515d15a7e3db3a73320598566,RJ,3,4,3,158.20000000000002,48,1
c0563dd588b775f2e37747ef6ad6c92c,SP,17,17,6,2378.3000000000006,19,0
c0e6839516f5398edc34adf5f1d53d1a,SP,1,1,1,34.92,236,1
c0f783394e37cd9c9d7f5f81141450fa,SP,6,6,5,249.4,18,1
c113b8df1fc375bc3d73d29c1b1144d1,SP,3,5,2,333.0,151,1
c13fb473e7cb8b83ccd543c094df0608,SP,2,2,2,54.8,286,1
c157bdeedcbc9a8e3c8bf0d87ff24428,SP,7,10,4,514.27,133,1
c161d1327ebc3a156c09582ab2f59f6c,SP,2,2,2,35.99,27,1
c18309219e789960add0b2255ca4b091,RJ,1,1,1,9.9,26,1
c1d1ebb4745cc43cb6f05e9c8a705c9a,SP,1,1,1,12.5,255,1
c1ed9e3daf6154542826a6996af0fb8c,SC,7,11,5,428.0,23,0
c24173065483e421f9e5e7f599de101d,SP,9,9,4,373.91,35,1
c26a2be5b53b7db6b276280da212a779,RJ,4,4,2,1696.0,51,0
c26ba52cf8d2f34915f2f6b7ffa0a3f3,RJ,2,2,1,88.98,4,0
c273175f7c6c80fb02f051e2fc6d0d72,SP,14,14,11,1188.23,163,1
c286ec035ee04ba81c97508f0b5df544,PR,1,1,1,294.0,232,1
c2bda99904207edd1834f03e0022b007,SP,1,1,1,39.9,93,1
c2d70ce2c5d0a2eb75e78668236e6dc8,SP,2,3,1,147.0,23,0
c31eff8334d6b3047ed34bebd4d62c36,SP,1,1,1,79.99,33,0
c3251e13f1bbda6c74e37c160f991e19,SP,2,2,2,437.79999999999995,219,1
c353f8fc0ce8344999f17d578eb69a5e,RS,2,2,1,175.98,326,1
c35672b10ad50968f567ea3f4b91e877,RJ,2,2,1,115.4,34,0
c35affa65afd250151285c5917fc1c8a,SP,2,2,2,1299.98,25,0
c37b2059d4f90d4feead554e5246565e,SP,4,8,3,461.5,10,0
c3867b4666c7d76867627c2f7fb22e21,SP,148,159,78,22688.800000000007,13,0
c3cfdc648177fdbbbb35635a37472c53,PR,181,205,81,28678.97000000007,5,0
c3ee2331a724e6fc02c4b698b57a73f3,SP,2,3,2,1347.0,29,1
c3fe93ba3085f92855c97e57f38c8c05,PR,4,4,3,135.1,93,0
c42fd8e4d47dfb18ce5222f2dd7752f9,SP,7,11,9,466.99,224,1
c447f8dd3ed213f291d65ef074a268eb,SP,7,8,4,655.0,193,1
c458e2045a8aa8964f8879af03fdcce6,SP,4,9,4,494.9100000000001,239,1
c4fb51fb1c5b7c07bc5e67be6e7e8f6e,PR,10,11,3,894.9,13,0
c500367424994318b9e779ff1ae9a330,SP,9,9,8,4346.4,28,1
c53bcd3be457a342a97e39e5a9f0be22,SE,3,3,2,329.70000000000005,56,1
c6218512d16fcac0af02fe92691cf274,MG,8,8,4,674.0,212,1
c6381d2d013342748761e906d45aff76,RS,4,8,3,609.98,11,0
c64a2aec32cc408a8a4c6d7c46017f91,RS,5,5,2,1674.5,11,0
c68fb906c8f4b4b946d8386bfa6e5467,SP,28,31,22,2760.200000000001,14,0
c6a7539d424a8402232c2228d7a03c5e,SP,4,8,1,324.0,30,0
c6bda72e4dbf5c5866b13cb1810c6d03,SP,18,18,11,2966.7000000000007,10,0
c731d18cea9bf687ffee82a241c25b11,SC,17,17,13,2400.0,32,0
c747d5b92c7648417faea95d36d763e8,CE,1,1,1,139.0,36,1
c76d418370990614e89e956c7a7567d9,SP,2,2,1,305.24,110,1
c79151301b9d90985d1fa52879213105,PR,3,7,2,267.1,26,1
c794dab4928dd97beb41d05514441e86,SP,1,1,1,33.8,23,0
c7a0a13cbcf29d5ce51c8f80afdc0b89,SC,3,3,2,73.16,21,0
c7c7b2682c648339a0e9846bb1023a39,SP,2,3,2,168.0,18,1
c8143b3069f6746a77421b5ce30a450c,GO,1,1,1,142.47,182,1
c826c40d7b19f62a09e2d7c5e7295ee2,SP,90,96,12,11017.010000000002,2,0
c840d3fdbba0790404fdae73d253b253,PR,2,3,2,1688.98,18,0
c8417879a15366a17c30af34c798c332,SP,25,35,15,1734.7000000000005,94,1
c8467937e403e76a8ee9f0ab13f6f5ef,MG,14,15,4,898.5899999999998,3,0
c847e075301870dd144a116762eaff9a,MG,39,40,5,14015.99999999999,39,0
c864036feaab8c1659f65ea4faebe1da,PR,26,26,19,4417.400000000001,19,0
c8660dcf9ba70575f45d80fe28c27713,SP,4,7,2,335.0,286,1
c8771b1a10bb99bb34d3c459c5cffb53,SP,1,1,1,64.9,215,1
c878515173c84a492ebe50d6b493230b,PR,9,10,6,1118.84,46,1
c87abc38c8ed3240861729e1aeadf221,SP,1,1,1,133.0,4,1
c89cf7c468a48af70aada384e722f9e2,RJ,12,12,6,647.0,10,0
c8b0e2b0a7095e5d8219575d5e7e1181,SP,23,24,17,2698.789999999999,15,0
c8b3445d737de6befde0c88ede534a5e,SP,16,22,5,1934.7800000000002,10,0
c8e135e7b21ecbc36c1153a29d2f5a06,SP,7,7,5,1165.5,217,1
c990d6cf976a5718aaedc539f383ab88,SP,4,4,3,79.6,1,0
c9a06ece156bb057372c68718ec8909b,DF,9,9,1,3420.0,350,1
c9c7905cffc4ef9ff9f113554423e671,SP,45,49,10,3687.2899999999972,2,0
c9d2ba8dde44a275ae06475ed1d2fafc,MG,1,1,1,28.79,327,1
c9e5ad1f6647f5dbd1172adf6ae3cada,RS,1,1,1,44.3,67,0
ca3bd7cd9f149df75950150d010fe4a2,SP,40,68,39,4701.249999999999,30,0
ca5832c6960267b71041f74bb39e8b12,SC,1,1,1,79.9,195,1
cab85505710c7cb9b720bceb52b01cee,SP,95,97,22,5260.2999999999965,2,0
cac4c8e7b1ca6252d8f20b2fc1a2e4af,SP,27,31,19,1894.6900000000003,16,0
cac4e0bc1a3269fa2b6ea5e763f6115b,SC,1,1,1,14.24,33,0
cac63f48c38cd7d002a7e846dcd99a23,SP,1,1,1,94.9,34,0
cb162c8eef257253782d245c08d9097c,SP,1,1,1,34.99,42,1
cb32766839f443db85c82a43c4a6c19e,SP,2,2,2,234.0,308,1
cb3dd9ce66268c7a3ca7241ac70ab58c,SP,36,38,21,1879.8900000000006,4,0
cb41bfbcbda0aea354a834ab222f9a59,SP,5,5,2,1796.0,18,0
cb4a705d00e100b9732d0ca34817d441,SC,1,2,1,998.0,36,1
cb5df0dcb9e280b1780e9d589889f2c7,SP,11,12,10,1614.88,199,1
cb8bcce248bb1fb274ba762d8b971456,MG,46,47,5,6449.299999999996,2,0
cb9fb4ca75d7ba8437480e8dde64fe98,SP,10,10,3,532.1400000000001,81,1
cbbd5ae8f53de5f5097cd8217b529e24,SP,1,1,1,175.9,324,1
cbd996ad3c1b7dc71fd0e5f5df9087e2,SP,74,94,10,3281.5299999999975,6,0
cc3d14116804f7209f3884f6367f1152,PR,11,12,3,2330.0,16,0
cc419e0650a3c5ba77189a1882b7556a,SP,1173,1222,31,70458.00999999966,0,0
cc80e2f693fa6e2408f47ccf62413fc1,PR,2,2,1,420.0,30,1
cca3071e3e9bb7d12640c9fbe2301306,SP,602,706,276,54464.850000000355,14,0
ccada0ef508e698917a6eab263375905,PR,3,3,3,172.8,86,1
ccb83a794700270fde70898fe9ff368b,SC,12,12,2,11062.0,147,1
ccc4bbb5f32a6ab2b7066a4130f114e3,PR,96,96,10,40076.030000000035,17,0
cce6ab8d1682639fe45ab70234f1665f,SP,61,64,16,2442.7000000000016,33,1
ccf8813e5a7d6c84d865cd38bfc2b130,SP,5,5,3,427.6,1,0
cd06602b43d8800bd0afad514919d35c,SP,39,47,18,1965.7900000000002,26,0
cd52a8efd71af3336b14b5039b951cc1,SP,2,2,1,111.8,109,1
cd68562d3f44870c08922d380acae552,SP,96,99,45,14535.699999999999,1,0
cd6efc47efaabf134f8bdb654e10b4f1,RJ,4,4,2,520.99,26,0
cd843d4cf8ef32827de0396605163ba3,MG,4,4,3,1546.0,0,1
ce248b21cb2adc36282ede306b7660e5,SC,24,24,16,5402.779999999999,1,0
ce27a3cc3c8cc1ea79d11e561e9bebb6,SP,95,124,35,8642.019999999993,86,1
ce33c6211beaa8fef4cae8b52db39862,SP,1,1,1,49.0,320,1
ce7d1888639e6fb06b2749cbfdac1ff7,MG,21,23,7,3249.9,25,0
cee48807215b30a12ca2ca10ffb5f250,SP,13,14,11,2578.7900000000004,10,0
cf2384dd2f1dddea3f838efed0945e65,SP,15,15,5,1942.5000000000005,20,1
cf8ab1616079e2793aa29d524df01bb1,SP,2,2,1,3198.0,11,0
cfa5ab0e4d3fc212fd0b3410e7081c62,MG,2,7,2,1735.93,58,0
cfb1a033743668a192316f3c6d1d2671,SP,100,125,44,9254.88999999999,3,0
d03698c2efd04a549382afa6623e27fb,BA,9,11,8,3419.5800000000004,30,0
d05ae8f7a5bd1d2a690a44cd079e4e27,RJ,40,42,10,7021.0,9,0
d101c6da914ae3d53f7bee42283f2fe2,SP,9,9,2,851.0999999999999,215,1
d12c926d74ceff0a90a21184466ce161,SP,55,72,26,2855.980000000002,5,0
d1582f4043306e6b91afa6a8a884f898,SP,2,2,1,220.0,21,0
d1a5cc844736958c11b8efab9a2b4c87,PR,1,1,1,237.6,69,1
d1aa1ec0839dcab73a6161130eb1f94a,PR,1,1,1,119.9,254,1
d1b65fc7debc3361ea86b5f14c68d2e2,SP,37,38,28,10643.189999999993,26,0
d1b9d4be4b6f9ebd85f8acd6745ba612,MG,2,2,1,228.3,33,0
d1c281d3ae149232351cd8c8cc885f0d,SP,158,179,93,19990.210000000025,4,0
d20b021d3efdf267a402c402a48ea64b,SP,59,72,35,2553.2099999999996,26,0
d23019c84ffae2d5ef2270367b8605fc,PR,5,5,3,2266.6,35,0
d2374cbcbb3ca4ab1086534108cc3ab7,SP,297,365,69,11118.319999999923,8,0
d2572f31e9023e9850ef986a636ff9bf,MG,1,1,1,279.0,281,1
d2e753bb80b7d4faa77483ed00edc8ca,BA,4,5,4,442.7,63,0
d2f3e277560ed4c6361284429b00f037,SP,7,7,7,320.54999999999995,84,1
d32e3909cfb714fb2a6cb092c85b9c5f,SP,3,4,3,1216.6,58,0
d354c38a7182125a748cb10474fe963b,RJ,15,17,6,1010.3600000000001,11,0
d3674f271c91f824f82d24d92011f669,DF,9,9,3,471.29999999999995,9,0
d36b07fd3c5088e477a72d1fccfe29d4,SP,1,1,1,328.9,239,1
d379f449f2a3b271bc01c0782020f705,MG,13,13,9,2183.9800000000005,47,0
d3f39f05462b79a4562d35893a28f159,SP,7,7,1,335.29999999999995,30,0
d4a5e99e0dd915df64ba55a7fbd583fd,SP,2,6,2,65.15,66,1
d4e12e7884759a14fa0f5f896c791cae,SP,7,7,5,256.9,15,0
d4e4b5192cba4e0e66eb12a9d347239d,PR,11,11,10,431.8999999999999,69,1
d4f117125b59ce73c3302f88ee40c458,SP,1,1,1,32.9,26,0
d50d79cb34e38265a8649c383dcffd48,SP,64,64,17,10702.47999999999,10,0
d51e0a403fe2e689ece6c73359d96e12,SP,4,7,3,2094.0,21,0
d57e18d5f73c7ccb7f7339b61166898d,SP,14,14,11,741.5999999999999,4,0
d58d521f3789def2e7a22715e0badd93,SP,1,1,1,32.99,50,0
d5ba419e26d246a0719437cf37d9b46d,SP,2,3,2,141.3,28,0
d5c530f4884a75ae0dba9c148718d278,MG,5,8,5,252.93000000000004,33,1
d624126b9206f595fb3fbb6ba03b28a8,PR,14,14,9,4832.900000000001,13,0
d63c73efd41eb002280e7ec831424edb,SP,1,1,1,2899.0,40,0
d650b663c3b5f6fb392b6326366efa9a,SP,1,1,1,211.0,28,0
d66c305afaec317ebee552073a674429,MG,38,44,23,4126.59,226,1
d673a59aac7a70d8b01e6902bf090a11,SP,13,14,7,471.4,5,0
d6b664fa0667064c6d76394e7848d790,SP,3,3,2,2758.0,168,0
d71d863e5ef30d94e440c11be17dcd8f,SP,9,10,3,1246.9,39,0
d73cbd89533ce8b041a9190241453ac8,MG,3,3,3,268.70000000000005,172,1
d7b2377bae6ace1b11fc69a11900ac36,SP,3,3,3,239.70000000000002,32,1
d8dd176509baa37f359644d082bf7f7b,SP,2,2,1,198.0,36,1
d91fb3b7d041e83b64a00a3edfb37e4f,SP,155,155,102,14928.869999999995,23,0
d93844a9c55ba7ce353388bcf849ea56,PR,10,12,10,2128.8,60,0
d93919c944be9cff128f6c9cb899eacb,SP,5,5,4,449.5,3,0
d93b8458c6fe139d85cfa5eadbf55bd2,SP,1,1,1,19.9,42,1
d9442042130b7fe579d1295f9f4a248f,SP,19,22,8,772.1599999999999,111,1
d94a40fd42351c259927028d163af842,MG,39,42,6,5233.800000000001,4,0
d94ba08b99bedd6a5f6c875ecc4a6fac,PR,8,9,1,539.0999999999999,156,1
d97df38225e5abadaff1e72cb72b823c,SP,7,7,3,125.0,3,0
d98eec89afa3380e14463da2aabaea72,RS,113,125,24,4729.109999999991,0,0
d9e8c084b68fe958861d8f2c21202e6b,SP,2,3,2,2735.0,33,0
da03c298e3999e9d828591fc2179d109,SP,2,2,2,319.20000000000005,19,0
da20530872245d6cd9d2f5725613c430,RS,2,3,2,314.96000000000004,65,1
da2782c804606d2a5d8e1760dbb3e7ec,SP,1,1,1,89.0,35,1
da8622b14eb17ae2831f4ac5b9dab84a,SP,536,641,159,70516.40000000039,2,0
daeb5653dd96c1b11860f72209795012,MG,17,17,10,869.2999999999997,6,0
db1f0f7c7e5e87f40b62226f020bb297,PR,3,3,3,59.01,235,1
db4350fd57ae30082dec7acbaacc17f9,SP,108,115,39,2409.739999999999,5,0
db46ca7bce82b11f7e247539271fc390,RJ,16,16,8,933.97,179,1
dbb9b48c841a0e39e21f98e1a6b2ec3e,SP,88,95,48,5647.739999999991,3,0
dbbcfe2c8d026742134ac3e28ccde274,PR,2,2,2,273.89,44,0
dbc22125167c298ef99da25668e1011f,MG,259,274,78,21357.570000000043,4,0
dbc51f5e45d654ecc16cb68e6817ecea,SP,1,1,1,199.99,310,1
dbd66278cbfe1aa1000f90a217ca4695,SP,21,26,3,1007.4,11,0
dc317f341ab0e22f39acbd9dbf9b4a1f,RS,48,51,6,17219.09999999999,18,0
dc4a0fc896dc34b0d5bfec8438291c80,SP,188,205,140,20279.250000000015,26,0
dc8798cbf453b7e0f98745e396cc5616,SP,33,41,32,1653.2000000000012,54,1
dd264199fc8b687ad029de7de6d760e6,PR,1,1,1,87.9,346,1
dd2bdf855a9172734fbc3744021ae9b9,MG,100,104,40,10047.59999999998,2,0
dd39ad39b5d3df33037e141c72497ba6,SP,2,2,2,135.8,204,1
dd533b429f380718b70ad9922c294bae,SP,38,42,13,2205.9800000000014,18,0
dd55f1bb788714a40e7954c3be6df745,SP,16,17,4,4168.569999999999,4,0
dd58ee93286b0821565574c570e9e1dc,PR,2,2,2,2948.0,239,1
dd7ddc04e1b6c2c614352b383efe2d36,SP,59,67,30,5111.949999999999,26,0
dd8a29ce82d5c705ba932d81494600a5,SP,2,2,2,205.75,117,1
dd9661d3cda1e6feb237f0c4d8b26f2e,SC,1,1,1,174.0,80,1
ddd51ae8cda92f3995a51fc0f0f3eec7,RJ,7,23,5,770.8999999999997,241,0
de09d00cfc265b8804c7df34075a68fa,SP,1,1,1,299.0,77,0
de23c3b98a88888289c6f5cc1209054a,SP,98,114,61,15927.439999999979,3,0
de66a66f2dd06bb9ec37aa96987466a3,RJ,6,7,2,307.43,330,1
debe6615cd90cc0c2eac2b8988e1f628,SP,5,5,3,278.5,286,1
dee656f0f566ed1aa85bd137c943f08f,SP,34,34,12,1676.6800000000007,4,0
df0f42bc4c2142eacf0eaf2cffd0cfbb,SC,2,2,1,198.0,25,0
df560393f3a51e74553ab94004ba5c87,PR,19,20,8,2347.3900000000003,12,0
df56d7b40d437f88407c5f78b63bc328,PR,14,17,8,1742.88,10,0
df683dfda87bf71ac3fc63063fba369d,RS,1,1,1,39.9,293,1
dfc5fb7259bb2b599ca565e6e9448f0f,SP,11,11,6,2139.9300000000003,26,0
e00d85ce20ea50c1224c66ca5050527d,SP,1,1,1,149.0,170,1
e067ad2c1c0b48758eb1b5228bcf7a68,SP,20,21,14,1361.9500000000003,1,0
e06f09ec0a4aca210779cf1cfc63cf19,SP,29,31,25,5279.489999999999,10,1
e0878efa0e0b7e5313ac0b43bc04c081,PR,9,9,2,2158.2000000000003,1,0
e09887ca8c7bf8a4621ce481820414ef,SP,2,3,3,79.97,44,1
e0a366315b1b726b6c7832d664c0f530,SP,13,15,8,1833.5900000000006,3,0
e1b12447a7563944843191754aeb5562,SP,8,9,5,443.47,17,0
e1bed63d68ac36fe1f3061befe196af5,SP,1,1,1,199.0,335,1
e21a1e8be4715b0fcfd5385643bc49c4,SC,17,20,13,583.9999999999998,20,0
e24fc9fcd865784fb25705606fe3dfe7,SP,46,50,21,11859.0,13,0
e26901d5ab434ce92fd9b5c256820a4e,SP,197,215,16,11601.499999999953,110,1
e2a1ac9bf33e5549a2a4f834e70df2f8,SP,5,5,1,14999.449999999999,176,1
e2aee0892199b1d92530e371abd825bf,PR,25,26,11,2776.9500000000007,4,0
e333046ce6517bd8bb510291d44f0130,SP,25,27,20,3299.0,9,0
e38db885400cd35c71dfd162f2c1dbcf,DF,7,7,6,444.29999999999995,24,0
e3b4998c7a498169dc7bce44e6bb6277,SP,1,1,1,6735.0,322,1
e3e290b38963293022cdcd6db8328103,SP,3,3,2,135.7,28,1
e48b04bf1aa1ef711caebeb7aede6180,PR,21,21,5,2609.500000000001,11,0
e48cc16ab70bfa09e1401740dce0b3d7,SP,7,8,5,424.92,32,0
e49c26c3edfa46d227d5121a6b6e4d37,PE,29,30,25,2836.4000000000005,2,0
e4ebd3f87bf70440014f07ddda7fbe03,SP,2,2,2,137.0,0,0
e4fc40017a6d22c46a14ac2e17f87c3e,PR,1,1,1,129.0,215,1
e5475dcab1e07b63d7f6e902d8f5eda8,SP,8,8,5,359.0,18,0
e59aa562b9f8076dd550fcddf0e73491,PR,15,18,3,7337.0,3,0
e59e489e2ea74bd409b798b5daf49de3,PR,1,3,1,297.0,116,0
e5a3438891c0bfdb9394643f95273d8e,SP,110,128,105,3995.160000000009,1,0
e5a38146df062edaf55c38afa99e42dc,SP,52,54,24,5562.300000000002,3,0
e5bd51692380fd8cabb19b756b95e714,SP,2,2,2,79.8,4,1
e5d4b2b0c3bca22085f7a19a28de0c42,SC,4,4,4,205.8,35,1
e5def42655b7490edac5a56fe8e9e603,SP,1,1,1,129.9,278,1
e5e33c0d8e7e002f398f5dc4cbbb338f,SP,5,5,5,622.4,29,0
e5f9e61ceb5f523cc966e0f34095032f,SC,1,1,1,670.0,174,0
e603cf3fec55f8697c9059638d6c8eb5,RS,7,10,1,270.0,272,1
e627629ba868740e287800f1a9be81c2,SP,11,11,11,337.1,170,1
e62b2d6ac10570a035a30bafcf01d263,SP,10,10,4,572.0299999999999,29,0
e63e8bfa530fb16910dd6956e592bb81,SP,21,22,8,690.7999999999997,0,0
e64d65bc8dbec2accda90c58de5d1246,SP,6,6,2,779.4,7,0
e6a69c4a27dfdd98ffe5aa757ad744bc,SP,8,10,6,218.76,18,0
e72b4feb7abe210c52aa667abc25a3a2,SP,1,2,1,38.2,197,1
e732329483fd5f27367dd997b47f598a,SC,1,1,1,109.9,122,1
e76ecc7e9a1a1e3c6df9d2a8261c423d,MG,1,1,1,20.0,140,1
e7d5b006eb624f13074497221eb37807,SP,6,6,2,681.49,38,0
e7df4cd29ab5abab70fb0783ddb53987,SP,12,12,11,3935.2000000000007,19,0
e7f3bf1ecd8526eb7f3b18059e6716e5,SP,17,18,10,1382.0400000000002,102,1
e81e1f9c3e762e620f3fb60a51499e16,SC,8,9,4,1769.0,2,0
e82de6494d91d3c4c54450f59b227a94,SP,2,2,2,80.9,75,0
e83c76265fc54bf41eac728805e4da77,SP,8,8,3,237.3,237,1
e83e93b71371817b11d78a63ff156aee,SP,2,3,2,286.0,266,1
e84ad2127668df3aafc6b73531a0beb8,SP,1,2,1,14.0,19,0
e88c9b79e592e370d6bd852eeefbf057,PR,8,9,7,251.87000000000003,169,1
e8b3a3a38279a82f0e5d006d5e5b7d2c,PR,45,49,30,5603.999999999998,25,0
e8f6dc8e6a1dcde89d20e3995c8d90b3,SP,30,39,25,1807.2400000000011,31,1
e908c0f3646e8b60375734a350d95d71,SP,1,1,1,2951.0,269,1
e9511df20ccd82658a30c37b7fb343af,SP,2,2,2,284.4,33,0
e96498ed8daaa3e9c23f7a62da76591c,SP,12,12,12,4359.879999999999,11,0
e9779976487b77c6d4ac45f75ec7afe9,SP,229,254,66,17248.469999999983,0,0
e99e927c81e3f51739c94fcdfca9f10f,MG,19,22,5,2090.97,30,0
e9b6c33b71b67737693b4cfa68341c8d,SP,1,1,1,119.9,135,1
e9bc59e7b60fc3063eb2290deda4cced,PR,88,121,29,17464.749999999985,25,0
e9c6969d40e6a3d2d0f90013165c2b98,SP,4,4,4,2456.99,13,0
e9d99831abad74458942f21e16f33f92,SP,98,116,31,3908.949999999992,9,0
ea566164622c6b439516ab18062c42cd,SP,4,4,4,2082.0,20,0
ea6b12bf9ffe2bac34602ec631d97a47,SP,9,9,6,1047.3,215,1
ea8482cd71df3c1969d7b9473ff13abc,SP,336,350,120,9874.699999999943,0,0
ead2bab70821ea148476ae9bc08548ac,MG,2,2,1,39.8,14,0
eae9af4811c294c56795d70e715b7337,SP,1,1,1,15.9,75,1
eb3071b9f0b0ddaa2df5ea130f09f26b,SP,6,8,2,4180.0,51,0
eb4df17aed01d918c65f0f8d650900c0,SP,2,2,2,798.0,5,0
eb5b6204dde3a6e03b5f1bb8479f055b,SP,1,1,1,36.9,15,0
eba88037e1dca898cd02881f67ced679,SP,3,3,2,428.4,13,0
ebd1417732defaf66c50b5a800eb293e,PR,1,1,1,309.0,278,1
ebd2d60905fb58271facef5596b620d3,SP,61,61,27,6284.1299999999965,22,0
ebef8d8c92b4fd3226e5d407bbff21ac,SP,3,3,3,253.70000000000002,293,1
ec21206b7894c503788a684a7bc822a6,RJ,1,1,1,75.0,47,1
ec4608a1f76453166bb312b2968aeaf4,SP,16,27,5,891.0100000000001,1,1
ec8879960bd2221d5c32f8e12f7da711,SP,18,18,9,1998.2000000000007,28,0
ec933281fb017b5020d06df29c3f77e8,SP,5,5,3,895.0,15,0
ececbfcff9804a2d6b40f589df8eef2b,SP,17,19,15,1037.85,13,0
ed4311e67debd72b8610a5347a743087,SP,1,2,1,120.0,17,0
ed4acab38528488b65a9a9c603ff024a,SP,15,16,15,4666.679999999999,12,0
ed859002ad59dbf8cf3602696a6c3000,PR,2,3,2,719.7,341,1
ed9eef5be0992d413d251fadba1a410d,SP,3,9,5,404.0999999999999,289,1
edb1ef5e36e0c8cd84eb3c9b003e486d,RJ,38,40,23,17843.349999999995,2,0
edb65fe661681b1c0de8bd47c8655855,SP,1,1,1,69.0,248,1
edd066cd02126d7800f9b66e980e9931,DF,4,4,4,664.6999999999999,93,0
eddd1991bd6d9309995a480c39b95137,PR,2,2,2,601.0,53,1
edf96ef93ed595084bbcbd9224bd2894,SP,19,22,6,2796.0,15,0
ee27a8f15b1dded4d213a468ba4eb391,GO,1,1,1,6499.0,219,1
eeb6de78f79159600292e314a77cbd18,SC,56,57,30,22619.84,14,0
eebb3372362aa9a46975164bed19a7e7,SP,4,4,2,295.96,236,1
eec3469d83e142f9a104886655338c37,SP,2,2,2,50.8,278,1
eed78ac17f7f795a19a709745f00cd4e,SP,8,26,7,1691.2999999999997,35,0
ef0ace09169ac090589d85746e3e036f,RJ,17,18,5,2093.2000000000007,13,0
ef30892870c278497523264be1be2241,SP,4,4,3,362.3,1,0
ef506c96320abeedfb894c34db06f478,SP,247,263,86,7601.819999999964,4,0
ef990a83bbea832f36ebe81376335aa8,SC,7,8,3,638.0999999999999,12,0
ef9952469137ff190bacafe117f51537,MG,5,5,2,1002.6599999999999,213,1
efb628aa07c8ca93d7db0d85b91a4f5a,RJ,1,1,1,204.0,44,1
efcd8d2104f1a05d028af7bad20d974b,SP,30,34,27,1654.8400000000001,2,0
f00e21b1e91a79653163b7fd8f293ff1,SP,31,31,29,3900.090000000002,29,1
f00f5b35d0abcacbdd863672f4bb2c1a,SP,1,1,1,299.0,218,1
f021c962aaba8ef6eb527a9c2c8394d1,SC,5,5,4,4398.5,147,1
f0837c8d71434931d9e38e7b79234797,RS,2,2,1,2300.0,36,0
f08a5b9dd6767129688d001acafc21e5,RS,9,16,6,12135.690000000002,2,0
f08c008c8a8d31417763738a1788a2a8,PR,18,18,3,1002.2199999999998,3,0
f0b47fbbc6dee9aafe415a6e33051b3f,SP,11,15,7,626.03,16,0
f0e103c63864d5405b958d984b6e94c9,SP,11,11,7,951.6999999999998,126,1
f1198c871e0171278b63f40d112caeec,SP,2,2,2,475.8,48,1
f181738b150df1f37cb0bd72e705b193,SP,7,8,4,955.5999999999999,70,0
f19516b9ff26bfeb091b30108db4ddbd,SP,3,3,3,162.7,47,1
f1c1ac3f3efc07e659c035008e615e66,SP,3,9,3,2294.96,95,1
f1ce5fdecd64935c28b9ff932751d0dc,SP,2,2,2,158.0,184,1
f1ed6bd0a9b11b581f16c851c6a5a527,RS,14,14,3,1215.7700000000002,29,0
f1fd5ab1181f827ffad998c1a5de7d74,PR,2,2,2,948.99,9,0
f214d28e8d8e3ef068748498ccc2f813,SP,20,21,13,757.7900000000001,16,0
f2336e113377dd21c744d9c4fc8293a9,SP,4,4,2,3563.0,107,1
f235413f677777a0738ff215d0184901,SP,2,2,1,1191.98,342,1
f25e239052084705e17a982bc600ab2a,SP,5,5,5,7153.0,40,0
f262cbc1c910c83959f849465454ddd3,SP,22,25,13,2155.7599999999998,0,0
f266295f49a28eee21f413e0cbb0521d,PR,2,2,2,149.8,51,1
f26d70155c2b6326fcfa1780c8c684e4,SC,1,1,1,202.89,188,1
f27e33c6d29b5138fa9967bcd445b6d5,SP,52,53,19,5382.699999999998,9,0
f3041c2e75ec683697a6a5ea82192210,MG,1,1,1,145.0,329,1
f307937c1bb287c3efc2a514b94b0d1d,MG,1,1,1,189.99,210,1
f326006815956455b2859abd58fe7e39,SP,2,16,2,1351.8400000000001,37,0
f3295428338a40977a03f555246a70f4,ES,4,4,4,521.29,25,0
f3511c85f59f8dec53d140501ee8e7a8,PR,1,1,1,69.9,140,1
f35becee938e982bd615edf8ef12bcfb,SP,6,6,5,148.59,151,1
f3b80352b986ab4d1057a4b724be19d0,DF,54,56,2,5045.099999999999,24,0
f3da5b2ff499efb8d4a6d371d175d7dd,SP,15,15,6,822.66,19,0
f419677537694f0462a91990df6ca44f,SP,1,1,1,55.9,4,0
f41ce2e25237f9092cd8e6e7516c7a2f,SP,25,26,10,1903.9000000000003,13,1
f435898e493ba0356019a0b1cb8b55b1,PR,6,8,3,415.78000000000003,37,0
f44b6f775a2b390380e0e30b5c9d3eee,SP,6,6,6,2124.0,12,0
f44bdc12aa39f5271f0b95f66cd4c289,SP,1,1,1,145.0,40,0
f45122a9ab94eb4f3f8953578bc0c560,SP,132,139,65,16712.889999999985,4,0
f457c46070d02cadd8a68551231220dd,PR,3,3,3,254.70000000000002,4,0
f4a04f7be452aa3bb31760bf00055dd0,SP,13,13,5,1081.1,12,0
f4aba7c0bca51484c30ab7bdc34bcdd1,SP,107,114,12,2912.200000000001,155,1
f4c4daa86e30c7e5a553a8d518ac03a5,PR,18,18,18,5984.31,48,1
f4db9b37944bcb8873e6b456ee190bbf,SP,17,18,8,2809.8199999999997,34,0
f593898ec748b7a8cb81fc04edafd98a,SP,12,14,6,2087.79,14,0
f5a590cf36251cf1162ea35bef76fe84,SP,41,43,34,24038.88,0,0
f5b44895715ddfe3087dc414f30268f3,SP,7,7,7,141.9,10,0
f5f2ab9bdb6b30c14c61be68c5ed37da,SP,16,16,12,1990.7900000000006,25,1
f5f46307a4d15880ca14fab4ad9dfc9b,SC,9,10,6,1422.94,30,1
f5fea3ffed6c2e889bab72705557c63a,RJ,1,1,1,345.0,255,1
f6122bc84774df1b372bdb3bb88ddb9f,SP,2,2,1,3149.98,14,0
f615fe7efbef0f4f08fd3086bc7a3e60,SP,22,23,17,2061.370000000001,83,1
f61c63d13f7cd800549d5acdd390ae72,SP,10,10,3,782.1999999999999,19,0
f63d8f293af3a6454377546bd9dd19ff,SP,13,21,10,1297.8500000000001,29,0
f650a9708fa1bab22bdd8d3a818cc415,SC,4,4,4,416.04,309,1
f664f98bfda2eaf266a23ff144e7a872,SP,2,2,2,153.99,42,1
f67efa3f0b6761102a7f8c6b7b571f5d,PR,28,29,8,4748.709999999997,16,0
f680f85bee2d253556ac91be391d2c82,SP,20,26,7,2273.7000000000007,4,0
f682e0f848abafc6f41e0d4e868c66ef,SP,1,1,1,169.99,79,0
f7496d659ca9fdaf323c0aae84176632,SP,11,11,8,1788.9,42,0
f7720c4fa8e3aba4546301ab80ea1f1b,PR,15,15,9,427.85,35,0
f789d2c4f2c2eb38fc4373e7a4b35264,MG,14,17,14,1144.5600000000002,8,0
f7ba60f8c3f99e7ee4042fdef03b70c4,SP,43,43,5,12027.0,14,0
f7ccf836d21b2fb1de37564105216cc1,SP,1,1,1,31.9,19,0
f805b96fa705ba7995a221f1749dc141,PR,5,5,4,2555.99,14,0
f80edd2c5aaa505cc4b0a3b219abf4b8,SP,33,37,8,2120.3000000000015,11,0
f8201cab383e484733266d1906e2fdfa,SC,6,6,3,549.4,16,0
f84a00e60c73a49e7e851c9bdca3a5bb,RJ,36,42,16,2576.740000000001,3,0
f84fa566034f5e8e880a07ec624c56af,SP,3,3,2,239.70000000000002,42,0
f8d5c7085db9a4ad2b8c1ffbeb2798c8,SP,5,5,4,233.0,54,0
f8db351d8c4c4c22c6835c19a46f01b0,SP,399,435,94,30315.500000000255,9,0
f8e2c1b59cd4225a3e4fd0d013a76b93,SP,2,3,2,219.8,0,1
f8f35af4634605e6693c17cc3ffff5a8,MG,1,1,1,90.0,49,1
f918546be4bec7104d117789ba758b2b,SP,3,3,1,165.0,11,0
f9244d45189d3a3605499abddeade7d5,SP,11,11,5,6081.619999999999,106,0
f97e2b0650c2068227e1d366140eb62f,SP,8,8,3,1671.0,27,0
f9903dd0f812c7e771fcad47b6fff231,SC,1,2,1,49.98,46,0
f9bbdd976532d50b7816d285a22bd01e,SP,2,2,2,268.0,108,1
f9f68daa2af419d38f745478bcb3da1a,SP,1,1,1,11.2,337,1
fa14641f57b655e933124a9ea49cd7a5,SP,6,6,5,309.94,44,0
fa1a9dec3a9940c072684a46728bf1fc,SC,34,37,22,3772.300000000002,0,0
fa1c13f2614d7b5c4749cbc52fecda94,SP,285,286,161,97229.31999999977,0,0
fa40cc5b934574b62717c68f3d678b6d,SP,230,257,16,12178.169999999946,14,0
fa74b2f3287d296e9fbd2cc80f2d1cf1,SP,5,5,4,1274.49,10,1
fa8d335d68129e464e60c1826a683e96,RS,1,1,1,139.9,72,1
fb503a924a0b9db19d83dd0ac6dbef8c,RS,1,1,1,13.9,229,1
fb8904a8ea99f8831b64ce27db2c1765,SP,2,2,2,278.0,35,1
fb89df7f89fd1b8f03fa2acca1ba7364,PR,6,8,6,658.0,12,0
fbc14c0cf93505ef89f64665ffa4a7b5,SP,6,6,6,4154.94,30,0
fc38b5dceee1a730fad8853453437fbd,SP,5,5,5,119.2,12,1
fc4751cfe3b279c419615b9b00c1abb4,PR,1,1,1,453.7,317,1
fc5a0d7a310a7a41abf86a458585ff2b,SP,1,1,1,117.9,212,1
fc6295add6f51a0936407ead70c1001d,SP,1,4,4,160.0,54,1
fc906263ca5083d09dce42fe02247800,MG,112,117,17,4417.900000000004,8,1
fc908879b9ca1bd65419e54e50432d38,SP,1,1,1,28.0,13,0
fcb5ace8bcc92f75707dc0f01a27d269,SP,14,21,7,2234.38,4,0
fcba71d4d5db057f43249145e4eb1e27,SP,2,2,2,334.65,13,0
fce62094ffe6a4009188ec44e681dfdd,SP,3,6,3,974.6999999999999,82,0
fd312b6bf05efac6c3772d5b52205d8a,SP,2,4,2,118.69999999999999,188,1
fdaaf5bfda82b7b80535610c831b8d09,SP,5,7,5,1159.3000000000002,12,0
fdb9095204a334cd8872252ffec6f2db,SP,27,34,9,4696.0,73,0
fde0cc9ea29c8ccfc0a2c22256a58c71,PR,7,7,1,693.0,4,0
fe19dce63ae80346207c6c55713d1023,MG,1,1,1,49.9,334,1
fe1bbc5feda5c8979a8a1b3b2512d5a6,MG,9,10,7,724.72,169,1
fe2032dab1a61af8794248c8196565c9,SP,164,173,39,36831.10000000006,3,0
fe26f3ecb51a15e6d8335cd92da42562,SP,1,1,1,299.99,43,0
fe49ee029e61e789a1f3a5525f57ba8d,SP,6,6,5,563.89,6,0
fe4cd9461203cee790d36792420b310f,MG,3,3,2,391.15000000000003,116,1
fe701d88b67eaca109dffd464d1be9f9,RJ,2,2,1,59.8,37,0
febab0275244b9a49a623f0bd613ca2f,SP,63,77,24,3875.2200000000016,13,0
ff063b022a9a0aab91bad2c9088760b7,SP,27,28,7,4084.5,8,0
ff314fa6033cc68ec451c47aee2d6ba4,SP,2,2,2,537.9,226,1
ff4e2d38692ce827b1a4f4b8196e680d,SP,1,1,1,68.0,133,0
ff4ea69c2a729e83e63c7579e4ef8170,SP,8,8,3,6368.0,222,1
ff69aa92bb6b1bf9b8b7a51c2ed9cf8b,SP,4,4,2,3926.9,11,0
ff82e8873fba613f2261a9acc896fd84,MG,1,1,1,14.9,25,0
ffdd9f82b9a447f6f8d4b91554cc7dd3,PR,8,9,7,1254.1,34,0
ffeee66ac5d5a62fe688b9d26f83f534,SP,8,8,2,1099.92,8,0
fffd5413c0700ac820c7069d66d98c89,SP,19,20,15,3374.3,6,0
ffff564a4f9085cd26170f4732393726,SP,6,6,4,238.5,340,1
